title,content,source,url,published_at,collected_at
"팜플리아노의 프로캡, IPO 추진비트코인 기반 금융 플랫폼으로 1조 원...","투자자들은 주식 보유만으로도 비트코인에 직접적으로 노출될 수 있어, 간접 투자 수단으로도 주목되고 있다. 팜플리아노의 전략은 단기적 주가 상승보다는 비트코인 중심의 금융 생태계 조성에 초점이...",네이버뉴스,https://www.tokenpost.kr/news/cryptocurrency/260301,2025-06-24 00:20:00+09:00,2025-06-24 00:31:24.035949
"아크인베스트, 서클 주식 매도 지속","(Circle) 주식을 지속적으로 매도 중이라는 소식이다. 블록체인 전문 매체인 코인데스크(Coindesk)는... 아크인베스트먼트는 서클 상장 첫 날 총 3억 7,300만 달러(한화 약 5,152억 원) 어치의 서클 주식 450만 주를 매입한...",네이버뉴스,https://www.khgames.co.kr/news/articleView.html?idxno=241192,2025-06-24 00:10:00+09:00,2025-06-24 00:31:24.035949
자정 뉴스브리핑 미 BTC 현물 ETF 거래량 1조 돌파출시 18개월만 外,"최근 주식 발행을 통해 2,861만 달러를 조달해 275.43 BTC를 매수했다고 밝혔다. 현재 총 보유량은 595.67... 디파이 디벨롭먼트 주식 토큰, 크라켄서 출시 예정 디파이 디벨롭먼트(구 재노버)가 크라켄이 출시...",네이버뉴스,https://www.tokenpost.kr/news/briefing/260295,2025-06-24 00:08:00+09:00,2025-06-24 00:31:24.035949
"상장 한 달 달바글로벌, 급성장 속 국내외 리스크는 여전",달바글로벌은 지난 22일부로 전체 주식의 19인 229만주 락업해제를 맞았다. 이는 전체 유통주식의 60에 해당하는 물량으로 FI(재무적 투자자)들이 대규모 차익 실현에 나설 경우 단기 주가 변동성이 커질 수 있다. 실제로...,네이버뉴스,https://n.news.naver.com/mnews/article/629/0000400994?sid=101,2025-06-24 00:02:00+09:00,2025-06-24 00:31:24.035949
경상일보 제23기 독자권익위원회 본격 활동,"23기 독자권익위원회는 박규환 다해종합건설주식회사 대표이사, 유병건 울산항만물류협회장, 송해숙 한국여성경제인연합회 울산지회장, 천희주 (주)제이아이엔교육 대표, 오정숙 울산양산범죄피해자지원센터...",네이버뉴스,https://www.ksilbo.co.kr/news/articleView.html?idxno=1030218,2025-06-24 00:02:00+09:00,2025-06-24 00:31:24.035949
여성을 향한 까르띠에의 메시지가 이렇게 진심인 이유,"배당금을 챙겨야 할 투자자나 주식 보유자가 없기에 가능한 구조다. 나와 남편 엘비스는 우리 돈을 세상을 더 낫게 하는 데 쓰기로 결심했다. 쉬운 결정은 아니었지만 불평등과 수익 격차가 심각해지는 요즘, 자원뿐...",네이버뉴스,https://www.elle.co.kr/article/1883480,2025-06-24 00:00:00+09:00,2025-06-24 00:31:24.035949
조형래 칼럼 기업인 장관을 가로막는 장벽들,성공한 기업인들이 공직을 꺼리는 이유는 후보자의 가족까지 털어내는 망신 주기 청문회와 주식 백지 신탁이라는 시대에 뒤떨어진 규제 탓이다. 한국의 백지 신탁은 고위 공직자와 배우자가 직무 연관성 있는 주식을...,네이버뉴스,https://n.news.naver.com/mnews/article/023/0003912757?sid=110,2025-06-24 00:00:00+09:00,2025-06-24 00:31:24.035949
광화문뷰 좌파 철학자는 어떻게 450조 기업 총수가 됐나,팔란티어 CEO 앨릭스 카프 911 테러중국 위협에 새 신념 지적도덕적 엘리트가 권력을 우린 그런 꿈 가진 기업가 있나 미국 주식시장에 큰 관심 없는 사람도 팔란티어라는 이름을 들어봤을 것이다. 테슬라...,네이버뉴스,https://n.news.naver.com/mnews/article/023/0003912756?sid=110,2025-06-23 23:58:00+09:00,2025-06-24 00:31:24.035949
"미래에셋, TIGER 토탈월드스탁액티브 ETF 기자간담회","세계 주식시장에 한 번에 분산 투자하는 ETF다. ETF 비교지수는 FTSE Global All Cap Index로, 이는 선진국과 신흥국 48개국, 약 10,000개 이상의 글로벌 주식으로 구성돼 전 세계 투자 가능한 유니버스의...",네이버뉴스,https://www.webeconomy.co.kr/news/article.html?no=1234691,2025-06-23 23:52:00+09:00,2025-06-24 00:31:24.035949
"quot헤지펀드, 지난주 5년 만에 최고 레버리지quot","골드만삭스의 프라임 브로커리지 데이터를 바탕으로 한 고객 보고서에 따르면, 헤지펀드는 북미 주식에 대한 매수 포지션을 약간 유지하는 한편, 유럽과 아시아 주식에 대한 공매도 포지션을 늘렸다. 공매도 포지션은...",네이버뉴스,https://n.news.naver.com/mnews/article/015/0005148539?sid=101,2025-06-23 23:38:00+09:00,2025-06-24 00:31:24.035949
"미국 뉴욕증시, 중동 긴장 속 나스닥 상승 출발테슬라 급등엔비디아...","6월 19일 기준 한국예탁결제원 증권정보포털에 따르면, 미국 주식 보관금액 상위 종목 중 가장 큰 상승폭을 기록한 종목은 Direxion Daily TSLA Bull 1.5X Shares로 무려 935억원 증가했다. 테슬라 역시 109억원 증가하며 보관금액...",네이버뉴스,https://www.topstarnews.net/news/articleView.html?idxno=15706559,2025-06-23 23:32:00+09:00,2025-06-24 00:31:24.035949
美 이란 공격 뉴욕증시 美개입후 첫거래일 오전 강세이란 대응 관망,대표적인 월가 약세론자인 모건 스탠리의 마이클 윌슨 수석 미국 주식 전략가는 quot역사적으로 볼 때 지정학적 요인이 주도한 대부분의 매도세는 단기적이고 제한적이었다quot며 quot유가가 변동성 지속 여부를 좌우할 것...,네이버뉴스,https://n.news.naver.com/mnews/article/001/0015465577?sid=101,2025-06-23 23:32:00+09:00,2025-06-24 00:31:24.036934
유가상승 주춤에 저점 매수로 美 증시 상승 전환,이 기사는 국내 최대 해외 투자정보 플랫폼 한경 글로벌마켓에 게재된 기사입니다. 미국의 이란 공격 직후 급등한 유가 상승이 주춤해지면서 23일(현지시간) 미국 증시는 상승세로 출발했다. 동부표준시로 오전 10시에 S...,네이버뉴스,https://n.news.naver.com/mnews/article/015/0005148538?sid=101,2025-06-23 23:19:00+09:00,2025-06-24 00:31:24.036934
신문과 놀자!함께 떠나요! 세계지리 여행평양 냉면쓰촨 마라 생존...,"덥고 건조한 기후에서도 잘 자라는 옥수수는 주식이었고, 옥수수가루를 반죽해 얇게 구운 토르티야는... 주민의 주식이 돼 주었습니다. 페루의 국민 요리이자 일종의 감자 케이크 같은 카우사나 볼리비아의...",네이버뉴스,https://n.news.naver.com/mnews/article/020/0003643215?sid=110,2025-06-23 23:10:00+09:00,2025-06-24 00:31:24.036934
"GAM ② 스칼러 락, GLP1 약물 부작용 해결 실마리 찾았다",이 기사는 6월 20일 오후 4시59분 해외 주식 투자의 도우미 GAM(Global Asset Management)에 출고된 프리미엄 기사입니다. GAM에서 회원 가입을 하면 9000여 해외 종목의 프리미엄 기사를 보실 수 있습니다. 에서 이어짐 미국...,네이버뉴스,https://www.newspim.com/news/view/20250623001063,2025-06-23 23:10:00+09:00,2025-06-24 00:31:24.036934
"GAM ① 스칼러 락, GLP1 약물 부작용 해결 실마리 찾았다","이 기사는 6월 20일 오후 4시59분 해외 주식 투자의 도우미 GAM(Global Asset Management)에 출고된 프리미엄... 일제히 주식 매수를 추천했다. 이들이 제시한 목표주가 평균은 50.43달러로, 현재 주가에서 38.85의 추가 상승...",네이버뉴스,https://www.newspim.com/news/view/20250623001062,2025-06-23 23:09:00+09:00,2025-06-24 00:31:24.036934
변동성 속 수익 창출 해법 암호화폐 인덱스 펀드ETF 다시 뜬다,"크립토 ETF는 뉴욕증권거래소(NYSE)와 같은 전통 시장에서 거래되는 방식으로, 주식처럼 사고팔 수 있다는 점에서 일반 투자자에게 보다 친숙하다. 일부 ETF는 비트코인 단일 자산에 집중하고, 일부는 다양한 암호화폐를...",네이버뉴스,https://www.tokenpost.kr/news/cryptocurrency/260275,2025-06-23 23:08:00+09:00,2025-06-24 00:31:24.036934
김태웅의역사산책 백범 김구와 효창공원,이어서 1921년에는 만주철도주식회사가 경성 최초로 이곳에 골프장을 개설하여 3년 동안 운영하였으며 1924년에는 경성부가 시민들의 행락지로 활용한다는 효창공원 설치방안을 발표하였다. 또한 1937년 광장이 없다는...,네이버뉴스,https://n.news.naver.com/mnews/article/022/0004045910?sid=110,2025-06-23 23:01:00+09:00,2025-06-24 00:31:24.036934
정승제 quot미분 이용했더니 미국 주식 수익률 너무 좋아quot(문제적남자 리부...,"문제적 남자 리부트 수학편 정승제 강사가 미분으로 미국 주식에서 높은 수익률을 기록한다고 고백했다.... 배성재는 quot미분을 이해하면 세상 원리를 깨칠 수 있냐?quot고 물었고, 정승제는 quot내가 주식 투자를 한 번도 안...",네이버뉴스,https://m.entertain.naver.com/article/109/0005335124,2025-06-23 22:59:00+09:00,2025-06-24 00:31:24.036934
사실상 전쟁 상태에증시원유비트코인 출렁인다,이날 주식시장에선 장 초반 외국인의 대규모 순매도로 장중 한때 3000선이 무너지기도 했다. 다만 개인들이 이후 1조3486억원의 대규모 순매수에 나서면서 코스피는 전 거래일 대비 0.24 하락한 3014.47로 거래를 마쳤다....,네이버뉴스,https://n.news.naver.com/mnews/article/009/0005513581?sid=101,2025-06-23 22:55:00+09:00,2025-06-24 00:31:24.036934
증권가 미래에셋증권 NH투자증권 한화투자증권 DB증권 키움증권 SK증권,"세미나에서는 미국의 유명 애널리스트 톰 리(Tom Lee)가 올해 하반기의 미국 주식 투자전략이라는 주제로... 미국주식 시장 흐름을 반영한 매수 타점 분석 기법, 그리고 청소년도 이해할 수 있는 투자 교육 방법에...",네이버뉴스,http://www.biztribune.co.kr/news/articleView.html?idxno=335974,2025-06-23 22:52:00+09:00,2025-06-24 00:31:24.036934
국내 첫 충전소 화재 예방 시스템 적용 해링턴타워 709에 쏠린 눈,"lt사진제공주식회사 케이피투gt 잇따른 화재 불연재 중요성..골드론 파이어컷 급부상 23일 국내 최초로... lt사진제공주식회사 케이피투gt 김태수 대표 quot대형 사고에도 화재 안전 인식 여전히 부족quot 한편, 건설업계에 30년...",네이버뉴스,http://www.00news.co.kr/news/articleView.html?idxno=95108,2025-06-23 22:50:00+09:00,2025-06-24 00:31:24.036934
"경평發 李 정부 낙하산 신호탄인가 HUG 사장, 2년 연속 낙제에 전격 ...",이번 발표를 보면 D등급은 주택도시보증공사 그랜드코리아레저 주식회사에스알 제주국제자유도시개발센터 대한석탄공사 한국방송광고진흥공사 등 9곳이었다. E등급을 받은 기관은 한국광해광업공단...,네이버뉴스,https://biz.newdaily.co.kr/site/data/html/2025/06/23/2025062300487.html,2025-06-23 22:46:00+09:00,2025-06-24 00:31:24.036934
"뉴욕증시, 이란 대응 주시하며 소폭 하락국제유가는 보합세",이날 뉴욕 주식 시장에서 오전 9시31분 현재 블루칩 중심의 다우존스30산업평균지수(다우지수)는 전 거래일보다 69.57포인트(0.16) 하락한 4만2137.25를 기록 중이다. 대형주 중심의 SampP500지수는 2.83포인트(0.05) 내린 5965.01...,네이버뉴스,https://n.news.naver.com/mnews/article/277/0005611959?sid=101,2025-06-23 22:42:00+09:00,2025-06-24 00:31:24.036934
정은경 前 청장 직격탄장관 후보군서 제외,"관련 주식 투자 논란에 휘말리며 사실상 후보군에서 제외된 것으로 알려졌다. 대통령실이 보건복지부 장관... 기업 주식을 매입, 수익을 올린 정황이 나타났다. 정 전 청장은 문재인 정부 당시 질병관리본부장과 초대...",네이버뉴스,https://www.dailymedi.com/news/news_view.php?wr_id=926191,2025-06-23 22:38:00+09:00,2025-06-24 00:31:24.036934
미국 뉴욕증시 장초반 하락 출발나스닥 하락테슬라 상승엔비디아...,"미국 주식 보관금액 기준일은 6월 19일이다. 시차로 인해 이날 보관금액 데이터는 개장 당일 증시 흐름이 아닌 이전 거래일의 결과를 반영하고 있다. 해당 기준일 기준, 서학개미의 미국 주식 보관금액...",네이버뉴스,https://www.topstarnews.net/news/articleView.html?idxno=15706549,2025-06-23 22:38:00+09:00,2025-06-24 00:31:24.036934
"비트코인(BTC), SampP나스닥보다 안정적안전자산 전환 신호",비트코인(BTC)의 가격 변동성이 미국 주요 주식지수보다 낮은 수준으로 떨어지며 자산으로서의 성숙도를 드러내고 있다. 최근 이란과 이스라엘 간 갈등이 격화되는 와중에도 비트코인은 상대적으로 안정적인 흐름을...,네이버뉴스,https://www.tokenpost.kr/news/cryptocurrency/260262,2025-06-23 22:36:00+09:00,2025-06-24 00:31:24.036934
"경남도, 마창대교 재정지원금 중재 일부 승소",마창대교 전경 경남도 경남도가 마창대교 관리운영법인인 주식회사 마창대교(이하 마창대교)와 벌인 재정지원금 국제중재에서 21개월여 만에 일부 승소했다. 경남도는 홍콩 국제상업회의소(ICC)에서 마창대교에...,네이버뉴스,http://www.gnmaeil.com/news/articleView.html?idxno=565710,2025-06-23 22:34:00+09:00,2025-06-24 00:31:24.037931
마창대교 이용객 부담 더는 방안 강구해야,경남도가 주식회사 마창대교와 벌인 재정지원금 국제중재에서 21개월여 만에 일부 승소했다. 경남도가 미지급금 34억 원 중 지급보류 22억 원이 타당하다는 판정을 받았다. 홍콩 국제상업회의소(ICC)가 경남도의 일부...,네이버뉴스,http://www.gnmaeil.com/news/articleView.html?idxno=565801,2025-06-23 22:34:00+09:00,2025-06-24 00:31:24.037931
"NH투자증권, 하반기 해외 투자전략 고객세미나","2025 하반기 미국주식 투자전략 주제로 환율 변동, 금리 인하 등 다양한 경제변수에 맞서 명확한... 애널리스트 톰 리(Tom Lee)가 2025 하반기 미국주식 투자전략을 주제로 강연하고 있다. (출처 NH투자증권)...",네이버뉴스,https://www.webeconomy.co.kr/news/article.html?no=1234683,2025-06-23 22:32:00+09:00,2025-06-24 00:31:24.037931
"뉴욕증시 프리뷰, 중동 전면전 우려 속에도 미 주가선물 오름세...팔란티...","테슬라 로보택시 사진블룸버그 방산에너지주 강세항공주는 유가 부담에 약세 높아진 중동 불안 속 방산 관련 주식은 강세를 보였다. 노스롭 그루만(종목코드NOC) 록히드마틴(LMT) RTX(구 레이시온,RTX)...",네이버뉴스,https://www.newspim.com/news/view/20250623001034,2025-06-23 22:25:00+09:00,2025-06-24 00:31:24.037931
"지역이 성장하면 대한민국 성장 강기정 시장, 시도지사협 신성장론...","이어 조성호 한국과학기술기획평가원 성장동력사업센터장, 이지훈 전북연구원 주축신산업팀장, 박웅희 전남연구원 선임연구위원, 이복은 주식회사...",네이버뉴스,http://www.breaknews.com/1127247,2025-06-23 22:20:00+09:00,2025-06-24 00:31:24.037931
QampAI 카카오페이 주가 급등... 원인 및 단기 전망은,"참고 위 분석은 2025년 6월 23일 기준 웹 및 X 게시물 정보를 바탕으로 작성되었으며, 주식 투자는 시장 변동성 및 개인의 판단에 따라 리스크가 따를 수 있습니다. 해당 기사는 그록을 활용해 작성되었습니다. ( 원문...",네이버뉴스,https://n.news.naver.com/mnews/article/092/0002379304?sid=105,2025-06-23 22:15:00+09:00,2025-06-24 00:31:24.037931
"일동홀딩스, 일동바사 지분 사모펀드 등 매도","주식 거래 규모는 발행 총 수의 47.6에 해당하는 381만 주로 금액으로는 300억 원 상당이다. 이달 중 1차분에... 일동홀딩스 측은 이번 일동바사 주식 매도는 기업 및 주주 가치를 제고하고, 계열사 운영과 사업 추진...",네이버뉴스,http://www.whosaeng.com/161942,2025-06-23 22:00:00+09:00,2025-06-24 00:31:24.037931
마창대교 법적 분쟁 승소통행료 인하 추진,"경상남도가 마창대교 주식회사와의 국제중재에서 일부 승소하면서, 최소 백억 원 이상, 예산을 아낄 수 있게 됐습니다. 경상남도가 민자사업자와 법적 분쟁에서 처음으로 이긴 사례입니다. 진정은 기자가 보도합니다....",네이버뉴스,https://n.news.naver.com/mnews/article/056/0011975286?sid=101,2025-06-23 21:52:00+09:00,2025-06-24 00:31:24.037931
비트코인 강세장 종료?...애널리스트 quot아직 아니다quot 경고,"오히려 ETF 수혜가 기대되는 암호화폐 관련 주식으로의 자금 이동이 두드러진다고 덧붙였다. 솔라나(Solana)는 4월 반등 구간을 대부분 반납했으며, 100달러 이하에서는 지지선이 약하다고 경고했다. 바카이는...",네이버뉴스,http://coinreaders.com/168167,2025-06-23 21:46:00+09:00,2025-06-24 00:31:24.037931
중동 불안에도 삼천피 사수,미국의 이란 공격에 따른 중동 불안으로 위험자산 회피 심리가 확산하면서 23일 국내 주식과 원화 가치가 동반 하락했다. 중동발(發) 대형 악재로 금융외환시장 불확실성이 확대됐지만 코스피는 3천10대에서...,네이버뉴스,https://www.idaegu.co.kr/news/articleView.html?idxno=514122,2025-06-23 21:44:00+09:00,2025-06-24 00:31:24.037931
"지묘초, 석혜원 작가와의 만남",대구지묘초(교장 최영란)는 최근 6학년 학생들을 대상으로 주식회사 6학년 2반의 저자 석혜원 작가와 만남의... 특히 주식회사 6학년 2반은 자칫 딱딱하게 느껴질 수 있는 경제 지식을 초등학생들이 교실 안에서 회사를...,네이버뉴스,https://www.idaegu.co.kr/news/articleView.html?idxno=514100,2025-06-23 21:44:00+09:00,2025-06-24 00:31:24.037931
죽어도 죽지 않는다좀비 주식의 생존법,"오늘(23일)부터 짚어 볼 좀비 주식 문제도 그중 하나입니다. 죽어도 죽지 않는 좀비처럼, 퇴출당해야 할... 부실한 좀비 주식이 한국 증시를 어떻게 좀 먹는지, 또 주주를 어떻게 등치는지, 집중 진단합니다. 먼저, 송수진...",네이버뉴스,https://n.news.naver.com/mnews/article/056/0011975244?sid=101,2025-06-23 21:40:00+09:00,2025-06-24 00:31:24.037931
증권가로수 메리츠증권한투증권한화증권NH증권아문디운용KB증권...,염승환 LS증권이사가 과거는 잊고 달라진 한국 주식시장과 동행하기를 주제로 강연을 진행한다. 염 이사는금리ㆍ환율 등 주가 결정요인한국 및 미국 신정부의 정책방향과 글로벌 경기전망국내 주식시장...,네이버뉴스,https://www.dnews.co.kr/uhtml/view.jsp?idxno=202506230656152880857,2025-06-23 21:40:00+09:00,2025-06-24 00:31:24.037931
좀비 주식의 생존법배후엔 재벌가 큰 손,,네이버뉴스,https://n.news.naver.com/mnews/article/056/0011975254?sid=101,2025-06-23 21:39:00+09:00,2025-06-24 00:31:24.037931
100만 유튜버 사진도 도용해 사기부산 불법 투자 리딩 사기 피해 219억...,"게티이미지뱅크 큰 수익률을 보장해주겠다고 속여 돈을 편취하는 이른바 주식 리딩방 사기 피해가... 리딩방은 주식이나 가상화폐 투자 종목을 추천하거나, 대신 투자해주는 SNS 단체 채팅방 등을 의미한다....",네이버뉴스,https://n.news.naver.com/mnews/article/021/0002717908?sid=102,2025-06-23 21:34:00+09:00,2025-06-24 00:31:24.037931
미리보는 이데일리 신문에너지 동맥 막힐 판중동발 악몽 덮친 ...,"사설주식부동산에 과열 조짐, 유동성 부작용 경계해야 포토중동 분쟁에 환율 급등 호르무즈 봉쇄 임박 유일한 돈줄 포기 최후 카드 꺼낸 이란美 봉쇄 땐 中이 최대 피해 이란 내 무능한 정권...",네이버뉴스,https://n.news.naver.com/mnews/article/018/0006047183?sid=102,2025-06-23 21:33:00+09:00,2025-06-24 00:31:24.037931
"한때 배럴당 80달러까지코스피 3,000선 지켜","박상현아이엠증권 리서치센터 전문위원 quot주식 시장 흐름 자체가 워낙 좋다 보니까 그 흐름 자체가 조금 반영된 부분들로, 공격적인 어떤 발언이라든지 뉴스가 아직은 좀 흘러나오지 않았다는 부분도.quot 원달러...",네이버뉴스,https://n.news.naver.com/mnews/article/056/0011975218?sid=101,2025-06-23 21:17:00+09:00,2025-06-24 00:31:24.037931
"일동홀딩스, 일동바이오 300억 투자 유치IPO 발판 마련","주식 거래 규모는 발행 총 수의 47.6에 해당하는 381만 주, 300억원 상당이며 이달 중 1차분에 대한 120억 원을... 일동홀딩스 측은 이번 일동바이오사이언스 주식을 활용한 지분 투자 유치가 기업 및 주주 가치를 제고하고...",네이버뉴스,https://www.cstimes.com/news/articleView.html?idxno=653139,2025-06-23 21:16:00+09:00,2025-06-24 00:31:24.037931
"이코노미 플러스개인전문투자자 2만5,000명인당 평균 6억2,000만원 투...","이들의 투자 포트폴리오를 분석한 결과 주식상장지수펀드(ETF)가 69.9로 가장 많고, 이어 채권(14.5), 펀드(14.3) 등 순이었다. 금감원은 quot일반투자자가 주식ETF 투자에 과도하게 집중(88.8)하고, 채권(6.5), 펀드(3.8...",네이버뉴스,https://n.news.naver.com/mnews/article/087/0001124911?sid=101,2025-06-23 21:05:00+09:00,2025-06-24 00:31:24.038930
"비트코인, 9만 2,000달러까지 떨어질까? 유동성 경고 신호","이란과 이스라엘 간 갈등에 미국까지 개입하며 주말 동안 시장에 단기 충격을 줬지만, 유가와 주식 선물은 급락 후 빠르게 반등해 장기 전쟁 가능성은 낮게 평가되고 있다. 분석 계정 더 코베이시 레터(The Kobeissi...",네이버뉴스,http://coinreaders.com/168158,2025-06-23 21:02:00+09:00,2025-06-24 00:31:24.038930
재주는 K게임이돈은 왕서방이 버네,K게임 지배력 넓혀가는 텐센트 크래프톤넷마블 투자넥슨 인수설 최근 텐센트홀딩스는 자사 게임 사업 강화 차원에서 일본 주식 시장에 상장된 넥슨 지분을 150억달러(약 20조원)에 인수하는 방안을 검토 중이라는...,네이버뉴스,https://n.news.naver.com/mnews/article/024/0000098029?sid=101,2025-06-23 21:01:00+09:00,2025-06-24 00:31:24.038930
남매 싸움부자 갈등한국콜마의 속사정,그러자 윤 회장은 경영 질서 파괴를 바로잡겠다며 윤 부회장을 상대로 주식 반환 소송을 제기했다. 남매... 5월 30일 서울중앙지방법원에 윤 부회장을 상대로 콜마홀딩스 주식 반환을 청구하는 소송을 제기했다. 앞서...,네이버뉴스,https://n.news.naver.com/mnews/article/024/0000098030?sid=101,2025-06-23 21:01:00+09:00,2025-06-24 00:31:24.038930
통합도 하기 전에...대한항공 곳곳서 잡음 스페셜리포트,집중투표제는 주주가 보유한 주식 수에 따라 선임할 이사 수만큼 의결권을 행사할 수 있는 제도다. 특정 이사 후보에게 의결권을 몰아줄 수 있어 대주주를 견제할 협상력을 키울 수 있다. 소수 주주가 바라는 이사를...,네이버뉴스,https://n.news.naver.com/mnews/article/024/0000098031?sid=101,2025-06-23 21:01:00+09:00,2025-06-24 00:31:24.038930
지방분권 강화첨단산업 경쟁력 제고 논의,"이어 조성호 한국과학기술기획평가원 성장동력사업센터장, 이지훈 전북연구원 주축신산업팀장, 박웅희 전남연구원 선임연구위원, 이복은 주식회사 에스씨크리에이티브 대표, 김운섭 광주테크노파크 정책기획본부장...",네이버뉴스,http://www.kjdaily.com/article.php?aid=1750679128658585002,2025-06-23 20:56:00+09:00,2025-06-24 00:31:24.038930
"공공기관 경영평가 결과 발표 HUG 기관장 해임 건의, 13개 기관 미흡...","공기업 중에서는 주택도시보증공사, 그랜드코리아레저(GKL), 주식회사에스알(SR), 제주국제자유도시개발센터(JDC), 대한석탄공사, 한국방송광고진흥공사가 D등급을 받았다. 준정부기관 중에서는 우체국물류지원단...",네이버뉴스,https://www.ggilbo.com/news/articleView.html?idxno=1096251,2025-06-23 20:56:00+09:00,2025-06-24 00:31:24.038930
"경기도, 공공기관 책임계약 평가결과 발표 우수사업 인센티브 지급","경기도주식회사, 경기교통공사, 경기주택도시공사) 경기 노인 AI 돌봄(경기도사회서비스원) 아이가치 돌봄 픽업 서비스(경기도사회적경제원, 경기도여성가족재단) 경력단절 없는 0.5amp0.75잡(경기도일자리재단) K...",네이버뉴스,https://www.ksmnews.co.kr/news/view.php?idx=547204,2025-06-23 20:45:00+09:00,2025-06-24 00:31:24.038930
"경남도, 마창대교 국제중재 일부 승소",경남도가 마창대교 관리운영법인인 주식회사 마창대교(이하 마창대교)와 벌인 재정지원금 국제중재에서 21개월여만에 일부 승소했다. 이에따라 도는 오는 2038년까지 138억 여원의 예산을 절감할 수 있을 것으로...,네이버뉴스,https://www.gnnews.co.kr/news/articleView.html?idxno=611979,2025-06-23 20:44:00+09:00,2025-06-24 00:31:24.038930
소프트캠프 주식 거래 정지...직원 횡령 발생,"회사는 직원의 횡령 혐의가 발생, 이에 따라 주식거래가 정지됐다고 23일 공시했다. 회사 측에 따르면... 코스닥시장 상장규정에 따르면, 상당한 규모의 횡령배임 혐의가 공시 등을 통해 확인되는 경우 주식...",네이버뉴스,https://n.news.naver.com/mnews/article/092/0002379300?sid=105,2025-06-23 20:36:00+09:00,2025-06-24 00:31:24.038930
"신한은행, 다시한번 코리아 국내 주식형 펀드 가입금액 1천억원 돌파","신한은행은 지난 16일 신한 SOL뱅크 내 국내 주식형 펀드 추천 특화 페이지 다시한번 코리아를 새롭게 오픈, 이후 19일까지 국내 주식형 펀드 가입금액이 1천억원을 넘어서는 등 고객으로부터 큰 호응을 얻고 있다고 23일...",네이버뉴스,https://www.dailysportshankook.co.kr/news/articleView.html?idxno=408189,2025-06-23 20:36:00+09:00,2025-06-24 00:31:24.038930
삼천피 돌파에 국민연금 주식도 활짝내년엔 국내채권 기대,"코스피지수(KOSPI)가 3000포인트를 돌파하면서 국민연금의 국내주식 수익률이 양호하게 나올 것으로... 국내주식, 각 자산 중 최고 수익률벤치마크 상회 23일 국민연금공단 기금운용본부에 따르면 올해 3월...",네이버뉴스,https://n.news.naver.com/mnews/article/018/0006047167?sid=101,2025-06-23 20:34:00+09:00,2025-06-24 00:31:24.038930
"은행 amp NOW 토스뱅크, 하루 1분 뇌 운동 서비스 출시 등","신한은행, 다시한번 코리아 국내 주식형 펀드 가입금액 1000억 돌파 신한은행은 지난 16일 신한 SOL뱅크 내 국내 주식형 펀드 추천 특화 페이지 다시한번 코리아를 새롭게 선보인 후 19일까지 국내 주식형 펀드...",네이버뉴스,https://www.ebn.co.kr/news/articleView.html?idxno=1667745,2025-06-23 20:32:00+09:00,2025-06-24 00:31:24.038930
취약계층 문화예술 향유 기회 확대,"2025 공연티켓 기부챌린지에는 단미종합건설(대표 김영훈), 주식회사 케이에이알(대표 최성재), 반구동길메리요양병원, 달동길메리재활요양병원, 전병찬신경외과의원(대표원장 전병찬)이 기부 참여했으며 5호로...",네이버뉴스,https://www.ulsanpress.net/news/articleView.html?idxno=553468,2025-06-23 20:24:00+09:00,2025-06-24 00:31:24.038930
"동신산업, 미끄럼방지 다용도매트 기부","울산 북구 매곡산업단지에 위치한 주식회사 동신산업은 23일 북구 농소3동 행정복지센터를 찾아 거동 불편 어르신, 장애인 가구 등을 위한 미끄럼 방지 다용도매트를 기부했다. 울산 북구 제공",네이버뉴스,https://www.ulsanpress.net/news/articleView.html?idxno=553517,2025-06-23 20:24:00+09:00,2025-06-24 00:31:24.038930
마켓인어피니티 품에 안기는 롯데렌탈회사채 수요 얼마나 모을까,"오유나 한신평 연구원은 주식매매거래 종결시 카리나 트랜스포테이션 그룹의 롯데렌탈에 대한 유상증자(약 2119억원) 실시 계획 및 보유 유동성 수준, 렌탈 투자규모 조절 여력 등 감안 시 대응 가능한 수준으로...",네이버뉴스,https://n.news.naver.com/mnews/article/018/0006047166?sid=101,2025-06-23 20:23:00+09:00,2025-06-24 00:31:24.038930
생활법무카페 이혼조정에 임하는 자세,"혼인기간 동안 취득한 재산을 기준으로 부동산, 예금, 주식, 자동차 등 모든 적극재산과 혼인 중 발생한 부채를 기재한 분할대상재산명세표를 작성하고 증빙자료를 제출한다. 이를 토대로 기여도 등을 고려하여 분할비율을...",네이버뉴스,https://www.kyeongin.com/article/1743962,2025-06-23 20:20:00+09:00,2025-06-24 00:31:24.038930
김건희 특검 검사 40명 파견 요청도이치 재수사팀 등 합류,"한국거래소는 과거 도이치 수사에서 최은순 씨, 김건희 여사 모녀가 도이치 주식 거래로 20억원의 수익을 올렸다는 보고서를 작성해 수사기관에 제출한 바 있습니다. 민중기 특검은 부장검사들을 중심으로 수사팀을 여러...",네이버뉴스,https://n.news.naver.com/mnews/article/437/0000445727?sid=102,2025-06-23 20:15:00+09:00,2025-06-24 00:31:24.039930
quot국제유가 추가 상승시 원화 등 아시아 통화 하락quot,미국의 이란 공습으로 국제 유가가 급등하자 중동산 석유 수입 의존도가 높은 아시아 통화와 아시아 주식들이 하락세를 보였다. 특히 최근 글로벌 투자자들의 롱(보유)포지션 보유가 많았던 한국 원화가 중동 사태...,네이버뉴스,https://n.news.naver.com/mnews/article/015/0005148525?sid=101,2025-06-23 20:14:00+09:00,2025-06-24 00:31:24.039930
중동사태에도 삼천피 사수한 개미들환율은 9.4원 급등,미국의 이란 핵시설 공습 여파로 위험회피 심리가 고조되면서 국내 주식과 원화 가치가 일제히 하락했다. 23일 한국거래소에 따르면 코스피 지수는 전 거래일 대비 0.24 하락한 3014.47로 거래를 마쳤다. 외국인과...,네이버뉴스,https://n.news.naver.com/mnews/article/081/0003551701?sid=101,2025-06-23 20:12:00+09:00,2025-06-24 00:31:24.039930
"중동 사태에 주식시장 그린3,014 선방",금융당국도 우리 주식시장이 견고한 상승 흐름과 양호한 수급 구조를 보이고 있다는 판단입니다. 이경민... 중동 사태를 이용한 주식시장 불공정 거래도 적발하는 대로 무관용 조치한다는 방침입니다. OBS뉴스...,네이버뉴스,https://www.obsnews.co.kr/news/articleView.html?idxno=1487660,2025-06-23 20:08:00+09:00,2025-06-24 00:31:24.039930
quot집중투표제 없이 코스피 5000 어려워...이사충실 의무 확대보다 중요...,사진아시아타임즈 집중투표제는 이사 선임 시 선임하려고 하는 이사 수만큼의 의결권을 주식 1주의... 찬반 주식의 수 공개 등 글로벌 스탠더드에 부합하는 주주총회 행정 개선이 병행돼야 한다quot고 강조했다. 구현주...,네이버뉴스,https://www.asiatime.co.kr/article/20250623500416,2025-06-23 20:06:00+09:00,2025-06-24 00:31:24.039930
"NH투자증권, 2025 해외투자전략 세미나 성황리 개최","그는 2025 하반기 미국주식 투자전략을 주제로, 환율 변동과 금리 인하 등 주요 경제 변수에 대비한... 애널리스트 톰 리(Tom Lee)가 2025 하반기 미국주식 투자전략을 주제로 강연하고 있다. 사진NH투자증권...",네이버뉴스,http://www.thevaluenews.co.kr/news/view.php?idx=190967,2025-06-23 20:04:00+09:00,2025-06-24 00:31:24.039930
"증시 3천은 지켰다quot경기회복 불씨 꺼질라quot 정부, 긴급 점검","중동 리스크가 부각되면서 외국인과 기관이 모두 1조 3천억 원 넘게 주식을 순매도했습니다. 주가를 방어한 건 개인투자자들입니다. 오늘 하루에만 1조 4천억 원 폭풍 매수에 나섰는데, 개인 순매수 규모가 1조 원을...",네이버뉴스,https://n.news.naver.com/mnews/article/214/0001431930?sid=101,2025-06-23 20:02:00+09:00,2025-06-24 00:31:24.039930
"오큐피엠, quotQPT 반대 언론전에도 애드바이오텍 인수 예정대로 추진quot",QPT는 2020년 오레고보맙을 오큐피엠에 매각하기 위해 전환사채를 인수하며 관계를 맺었고 이달 2일 오큐피엠이 발행한 전환사채를 주식으로 전환해 완전 희석 기준 26.25의 지분을 확보하며 최대 주주가 됐다. 마디얄라칸...,네이버뉴스,http://www.thevaluenews.co.kr/news/view.php?idx=190971,2025-06-23 20:00:00+09:00,2025-06-24 00:31:24.039930
"미래에셋증권, 총상금 1억 선물옵션 실전투자대회 다음달 1일 개막","선물옵션에 대한 투자자 이해도 확대 기대 미래에셋증권 관계자는 선물옵션은 변동성이 큰 금융시장에서 주가지수, 에너지, 금속, 환율, 개별 주식 등 다양한 자산의 리스크를 관리하고 수익 기회를 창출할 수...",네이버뉴스,http://www.thevaluenews.co.kr/news/view.php?idx=190973,2025-06-23 19:54:00+09:00,2025-06-24 00:31:24.039930
"버터맥주 논란 어반자카파 박용인, 김치 판매하다 행정처분",23일 스포츠동아 보도에 따르면 박용인이 대표로 있는 주식회사 버추어컴퍼니의 유의미 브랜드 김치가 최근 식품등의표시광고에관한법률 위반으로 행정처분을 받았다. 유의미 측은 김치 제품 내 품목제조보고번호...,네이버뉴스,http://www.stoo.com/article.php?aid=101130320002,2025-06-23 19:54:00+09:00,2025-06-24 00:31:24.039930
달바글로벌 20만원 주가 도전,"36), 토니모리(5.35), 코리아나(4.81), 제이준코스메틱(4.51) 등 48개 종목은 하락됐다. 한편 토니모리는 오늘 공시를 통해 김승철 대표이사가 그동안 보유했던 1만주의 주식을 장내 매도했다고 발표했다.",네이버뉴스,https://www.thebk.co.kr/news/articleView.html?idxno=301045,2025-06-23 19:48:00+09:00,2025-06-24 00:31:24.039930
게임뉴스 월드오브워십X블루 아카이브 2차 콜라보 외 주요 소식,"게임의 기획, 개발, 운영을 담당하는 주식회사 Cygames(본사 도쿄도 시부야구, 대표 이사 사장 와타나베... 아크시스템웍스주식회사는 2025년 6월 27일 (금) 1000부터, 신작 타이틀을 비롯한 아크시스템웍스의 최신...",네이버뉴스,http://www.gamevu.co.kr/news/articleView.html?idxno=41675,2025-06-23 19:48:00+09:00,2025-06-24 00:31:24.039930
마창대교 법적 분쟁 승소통행료 인하 추진,"경상남도가 마창대교 주식회사와의 국제중재에서 일부 승소하면서, 최소 백억 원 이상, 예산을 아낄 수 있게 됐습니다. 경상남도가 민자사업자와 법적 분쟁에서 처음으로 이긴 사례입니다. 진정은 기자가 보도합니다....",네이버뉴스,https://n.news.naver.com/mnews/article/056/0011975148?sid=101,2025-06-23 19:45:00+09:00,2025-06-24 00:31:24.039930
"서구의회, 구청장 핵심 사업 두고 갈등",사진제공송이 구의원 민선8기 강범석 인천 서구청장의 올해 핵심 사업인 서구 일자리 주식회사 추진을... 논란이 된 예산은 서구 일자리 주식회사 설립 연구개발비. 강 청장은 연초 구민 맞춤형 일자리를...,네이버뉴스,https://www.incheonilbo.com/news/articleView.html?idxno=1293695,2025-06-23 19:40:00+09:00,2025-06-24 00:31:24.039930
"버터맥주 이어... 어반자카파 박용인, 김치 판매하다 행정처분",23일 스포츠동아와 식품안전정보원에 따르면 박용인이 대표로 있는 주식회사 버추어컴퍼니가 인터넷 쇼핑몰 등에서 판매하는 김치 브랜드 유의미는 최근 식품 등의 표시광고에 관한 법률을 위반한 것으로 드러났다....,네이버뉴스,https://n.news.naver.com/mnews/article/014/0005367129?sid=102,2025-06-23 19:39:00+09:00,2025-06-24 00:31:24.039930
"대명소노에 인수될 티웨이항공 노조 quot인수 환영, 임금인상률 하향은 실...","한편, 대명소노그룹은 티웨이항공 모회사인 티웨이홀딩스의 주식 46.26를 2500억 원에 매입하는 계약을 체결했다. 따라서 오는 24일 임시 주주총회를 거쳐 대명소노 측 임원이 이사회로 합류하는 한편, 인수 거래도 완료될...",네이버뉴스,http://www.m-i.kr/news/articleView.html?idxno=1252412,2025-06-23 19:38:00+09:00,2025-06-24 00:31:24.039930
"한화솔루션, 유럽 자회사 큐에너지 지분으로 5천억 조달","한화솔루션은 처분 목적이 quot주식 매각을 통한 유동성 확보 및 재무구조 개선quot이라고 밝혔다. 또 이번에... PRS는 정산 시기에 기초자산인 주식가치가 계약 당시보다 높으면 그 차액을 자금 조달기업이 가져가고, 그...",네이버뉴스,https://news.einfomax.co.kr/news/articleView.html?idxno=4361581,2025-06-23 19:38:00+09:00,2025-06-24 00:31:24.039930
亞증시종합 중동발 리스크오프 소화 후 낙폭 대거 반납,"해운 섹터는 하루 종일 강세를 보였으며 석유 및 가스 관련 주식이 다시 급등하면서 지수 자체를 끌어올렸다. 또 스테이블 통화 및 은행 관련 주식도 계속 강세를 보였다. ICBC, 중국 건설은행 등 일부 주식이...",네이버뉴스,https://news.einfomax.co.kr/news/articleView.html?idxno=4361580,2025-06-23 19:36:00+09:00,2025-06-24 00:31:24.039930
"나이키(NKE), 4분기 순익 88 급감 전망트럼프 관세재고 부담 겹쳤다","분석 대상 17명 중 8명은 나이키 주식을 매수 등급으로 평가하고 있으며, 8명은 보유, 1명은 매도 의견을 냈다. 이들 평균 목표주가는 72달러로, 2025년 초 주가 수준과 유사해 하반기 반등 가능성에 대한...",네이버뉴스,https://www.tokenpost.kr/news/market/260190,2025-06-23 19:32:00+09:00,2025-06-24 00:31:24.039930
중동 분쟁에 증시환율 불안급박하게 돌아간 금융권,"외국인과 기관의 매도세에도 추경 편성과 주식시장 활성화 정책에 대한 기대감 속에 개인 투자자가 1조... 주식과 외환시장 변동성이 더 커지면 시장안정화 조치에 나서고, 불확실성을 틈타 불공정거래가 성행하지...",네이버뉴스,https://n.news.naver.com/mnews/article/057/0001892885?sid=101,2025-06-23 19:30:00+09:00,2025-06-24 00:31:24.039930
쫀냐미 굿즈로 꾸미고 라팍 갈까 8월엔 유니폼도 나온다,"주식회사 태자와 협업한 이번 굿즈는 오는 25일부터 카카오톡 선물하기로 선판매된다. 다음달 1일부터는 삼성라이온즈 구단 온오프라인 팀스토어에서도 구매할 수 있다. 오는 8월에는 유니폼, 모자 등으로 구성된 2차...",네이버뉴스,https://m.sports.naver.com/kbaseball/article/396/0000713146,2025-06-23 19:29:00+09:00,2025-06-24 00:31:24.039930
중동발 리스크에 코스피 롤러코스터개미의 힘으로 3000 고지 지켜...,"이어 중동지역 불안이 장기화하면 원달러 환율은 달러 강세와 위험회피 심리 영향에 다시 1400원을 웃돌 수 있고, 국내 주식시장 역시 이달 상승 폭이 컸던 점을 고려하면 차익실현 매물 증가에 따른 조정이...",네이버뉴스,https://n.news.naver.com/mnews/article/658/0000111300?sid=101,2025-06-23 19:26:00+09:00,2025-06-24 00:31:24.039930
"배우 이주영, 환경 메시지 담은 다큐픽션 영화 클리어 주연 주영 역...","이주영은 극중 플라스틱이 주식인 행성을 떠나 우주를 떠도는 주영 역을 맡아 감각적이고 절제된 연기로 또 한 번 강렬한 인상을 남길 예정이다. 클리어는 안녕, 할부지로 주목받은 심형준 감독의 신작으로...",네이버뉴스,https://m.entertain.naver.com/article/144/0001048407,2025-06-23 19:26:00+09:00,2025-06-24 00:31:24.039930
"신한은행, 다시한번 코리아 호응 속 국내 주식형 펀드 가입금액 1천억...",신한은행(은행장 정상혁)은 지난 16일 신한 SOL뱅크 내 국내 주식형 펀드 추천 특화 페이지 다시한번 코리아를 새롭게 오픈한 가운데 해당 페이지가 오픈일 이후 19일까지 국내 주식형 펀드 가입금액이 1000억원을...,네이버뉴스,http://www.bizwnews.com/news/articleView.html?idxno=105809,2025-06-23 19:26:00+09:00,2025-06-24 00:31:24.039930
"세일러 비트코인, 18만 달러 찍고 14만 달러로 폭락할 것","회사는 비트코인 5억 달러를 담보로 15억 달러어치 주식을 발행해 비트코인을 추가 매입했고, 이는 약 10억 달러의 평가 이익을 거두고 있다. 또 6억 달러 규모의 비트코인을 담보로 제로쿠폰 부채 30억 달러를...",네이버뉴스,http://coinreaders.com/168143,2025-06-23 19:24:00+09:00,2025-06-24 00:31:24.039930
"HIT알공 랩지노믹스, 류재학 신임 대표이사 선임","부여한 주식매수선택권 승인의 건 등 의안이 원안대로 가결됐다고 공시. 이번 결과로 회사의... ③ 일동바이오사이언스, 타법인 주식 처분결정 회사는 자회사인 일동바이오사이언스의 주식 380만9523주를...",네이버뉴스,http://www.hitnews.co.kr/news/articleView.html?idxno=65871,2025-06-23 19:22:00+09:00,2025-06-24 00:31:24.039930
과학에세이 AI와 인간의 공존 세상에도,주식시장은 AI 이슈에 매우 민감하게 즉각적으로 반응한다. 세상이 AI를 중심으로 재편되면서 반도체 로봇 자동차 배터리 전기에너지 등 산업 전반에 걸쳐 엄청난 파장이 일고 있다. 뒤처지면 도태되기 마련이다....,네이버뉴스,https://n.news.naver.com/mnews/article/658/0000111293?sid=110,2025-06-23 19:17:00+09:00,2025-06-24 00:31:24.039930
도청도설 이재명노믹스,반드시 가야할 길이라며 핵심은 주식시장의 규칙이 지켜지는 정상 시장이 돼야 한다고 당부했다. 취임 직후에는 대한민국 주식시장의 신뢰를 반드시 되찾겠다고 강조했다. 이 대통령 의지에 외국...,네이버뉴스,https://n.news.naver.com/mnews/article/658/0000111294?sid=110,2025-06-23 19:17:00+09:00,2025-06-24 00:31:24.039930
"동아쏘시오홀딩스, 그룹 통합 지속가능경영 보고서 가마솥 발간 外","일동바이오사이언스 주식을 활용한 지분 투자 유치를 진행한다는 설명이다. 투자 유치를 통해... 주식 거래 규모는 발행 총 수의 47.6에 해당하는 381만 주, 300억 원 상당이며, 이달 중 1차 분에 대한 120억 원을...",네이버뉴스,http://www.newsmp.com/news/articleView.html?idxno=247378,2025-06-23 19:16:00+09:00,2025-06-24 00:31:24.041434
"한국판 VT미래에셋, TIGER 토탈월드스탁액티브 ETF 기자간담회 개최","TIGER 토탈월드스탁액티브 ETF는 국내 최초 전 세계 주식시장에 한 번에 분산 투자하는 ETF다. ETF 비교지수는 FTSE Global All Cap Index로, 이는 선진국과 신흥국 48개국, 약 10,000개 이상의 글로벌 주식으로...",네이버뉴스,http://www.queen.co.kr/news/articleView.html?idxno=436598,2025-06-23 19:04:00+09:00,2025-06-24 00:31:24.041434
"횡령 공시 급증에 투자자 울상올해만 23건, 전년比 77",심사 결과에 따라 주식 거래가 장기간 정지되거나 심지어 상장폐지까지 이어질 수 있어 주주들이 입을 수 있는 피해는 상당하다. 가장 최근 사례는 코스닥 상장사인 일진파워다. 이 회사는 지난 13일 임직원 3명을 횡령...,네이버뉴스,https://www.ajunews.com/view/20250623142033961,2025-06-23 19:00:00+09:00,2025-06-24 00:31:24.041434
"일동홀딩스, 일동바이오사이언스 지분투자 유치","주식 거래 규모는 발행 총 수의 47.6에 해당하는 381만 주로, 300억 원 상당이다. 이달 중 1차 분에 대한 120억... 일동홀딩스 측은 이번 일동바이오사이언스 주식을 활용한 지분 투자 유치가 기업 및 주주 가치를 제고하고...",네이버뉴스,http://www.sisaon.co.kr/news/articleView.html?idxno=172426,2025-06-23 19:00:00+09:00,2025-06-24 00:31:24.041434
중동 확전 여파에도 코스피 3000P 지켰다,"개인투자자가 주식을 약 1조3790억원어치 순매수하면서 지수 하락을 방어했다. 반면 외국인과 기관투자가는 각각 3680억원, 9512억원 순매도했다. 시가총액 상위 10종목 중 SK하이닉스(0.97) 네이버(7.61...",네이버뉴스,https://n.news.naver.com/mnews/article/005/0001785051?sid=101,2025-06-23 19:00:00+09:00,2025-06-24 00:31:24.041434
기고쌀독에서 인심 난다,이 속담의 중심에는 오랜 세월 동안 우리 민족과 함께 한 우리의 주식인 쌀이 있다. 그러나 지금은 쌀독이 점점 비어가고 있다. 통계청에서 발표한 1인당 연간 쌀 소비량은 2024년 55.8kg으로 관련 통계 작성 이래 역대...,네이버뉴스,http://sjbnews.com/news/news.php?number=853301,2025-06-23 18:56:00+09:00,2025-06-24 00:31:24.041434
"與 코스피 5,000 특위 출범...quot상법개정안 조속 추진quot","더불어민주당이 23일 국내 주식시장 신뢰 회복 방안을 논의할 코스피 5,000 특별위원회를 출범시켰다. 민주당은 특위에서 이재명 대통령의 공약 사항인 주주 충실 의무 상법 개정을 논의해 조속히 추진한다는 방침이다....",네이버뉴스,https://www.pinpointnews.co.kr/news/articleView.html?idxno=353862,2025-06-23 18:56:00+09:00,2025-06-24 00:31:24.041434
"미래에셋증권, 총 1억원 선물옵션 실전투자대회",미래에셋증권 관계자는 quot선물옵션은 변동성이 큰 시장 상황 속 주가지수에너지금속환율개별주식 등 다양한 자산의 리스크를 관리하고 레버리지를 활용한 수익기회를 창출할 수 있는 유용한 거래수단quot이라며...,네이버뉴스,http://www.newsprime.co.kr/news/article.html?no=693565,2025-06-23 18:56:00+09:00,2025-06-24 00:31:24.041434
"일동홀딩스, 일동바이오사이언스 지분투자 유치","주식 거래 규모는 발행 총 수의 47.6에 해당하는 381만 주, 300억원 상당이며 이달 중 1차 분에 대한... 일동홀딩스 측은 이번 일동바이오사이언스 주식을 활용한 지분 투자 유치가 기업 및 주주 가치를 제고하고...",네이버뉴스,https://www.newscj.com/news/articleView.html?idxno=3284864,2025-06-23 18:54:00+09:00,2025-06-24 00:31:24.041434
李대통령 나토 불참 전말트럼프 만남 불확실성에 경제 택했다,대통령실 관계자는 미국의 이란 핵 시설 공격 이후엔 다른 국가들도 미국 측과 일정 조율이 쉽지 않은 상황이 이어졌다며 국내의 유가환율주식시장 변동성이 커지는 등 경제 리스크까지 동시에 따져봐야 했다...,네이버뉴스,https://n.news.naver.com/mnews/article/025/0003450020?sid=100,2025-06-23 18:52:00+09:00,2025-06-24 00:31:24.041434
이란 핵시설 공습 후 뉴욕 증시 혼조세유가는 상승세 유지,"이에 따라 23일(미국 동부시간) 뉴욕증시 주요 지수는 혼조세로 출발하였다. 현재(오전 9시 34분 기준)... 유럽 증시는 전일 대비 하락세를 면치 못하고 있으며, 유로스톡스50은 0.42 하락, 독일 DAX는 0.56, 영국 FTSE는 0.18...",네이버뉴스,https://www.cbci.co.kr/news/articleView.html?idxno=506564,2025-06-24 00:20:00+09:00,2025-06-24 00:31:24.224467
연준 보먼도quot7월 금리 인하 지지quot두번째 비둘기발언,보먼의 비둘기적 발언으로 이 날 미국채 수익률은 하락폭을 확대했고 하락세로 출발했던 미국 증시는 상승세로 돌아섰다. 10년물 국채 수익률은 5베이시스포인트(1bp0.01) 하락했고 정책에 좀 더 민감한 2년물 국채...,네이버뉴스,https://n.news.naver.com/mnews/article/015/0005148542?sid=101,2025-06-24 00:20:00+09:00,2025-06-24 00:31:24.224467
"팜플리아노의 프로캡, IPO 추진비트코인 기반 금융 플랫폼으로 1조 원...","I)과의 합병을 통해 증시에 상장할 계획이다. 상장을 기점으로 최대 10억 달러(약 1조 3,900억 원) 규모의 비트코인을 보유하는 한편, 비트코인 기반 금융 서비스 제공 기업으로 도약하겠다는 전략이다. 프로캡은...",네이버뉴스,https://www.tokenpost.kr/news/cryptocurrency/260301,2025-06-24 00:20:00+09:00,2025-06-24 00:31:24.224467
일본증시 하락 중국홍콩증시 상승 마감,"도쿄증권거래소 전광판(자료사진) 사진제공AFP통신 아시아증시가 엇갈렸다. 일본증시 니케이225는 23일 15시45분 (현지기준) 49.14 (0.13) 하락한 38,354.09로 장을 마감했다. 중국증시 상해종합지수는...",네이버뉴스,https://www.gukjenews.com/news/articleView.html?idxno=3306559,2025-06-24 00:10:00+09:00,2025-06-24 00:31:24.224467
미 이란 공격 뒤 첫 거래일...뉴욕 증시유가 관망세,미국의 이란 핵 시설 공격 이후 첫 거래일을 맞아 뉴욕 증시 3대 지수와 뉴욕 유가가 모두 사태를 관망하며 안정세를 보였습니다. 뉴욕 증시에서 미 동부 시각 오전 10시 15분 기준 우량주 중심의 다우존스30...,네이버뉴스,https://n.news.naver.com/mnews/article/052/0002209768?sid=104,2025-06-24 00:09:00+09:00,2025-06-24 00:31:24.224467
사설 호르무즈 봉쇄 위기비상체제로 유가환율물가 총력 대응할...,중동 사태가 전면전으로 확대될 경우 모처럼 활기를 찾고 있는 우리 증시는 물론 추가경정예산 집행에 따른 경기 회복 기대에도 찬물을 끼얹을 수 있다. 또 석유류 가격 상승이 소비자물가를 자극한다면 한국은행의...,네이버뉴스,https://n.news.naver.com/mnews/article/011/0004500495?sid=110,2025-06-24 00:08:00+09:00,2025-06-24 00:31:24.225470
속보 이란 끝내 호르무즈 봉쇄... 뉴욕증시 비트코인 금값 quot국제유가...,이란 끝내 호르무즈 봉쇄 뉴욕증시 비트코인 금값 quot국제유가 충격quot 이란 의회가 호르무즈 봉쇄 결의를 하면서 뉴욕증시 비트코인 금값 국제유가 등이 요동치고 있다. 아야톨라 알리 하메네이 이란 최고지도자는...,네이버뉴스,http://www.g-enews.com/ko-kr/news/article/news_all/202506132122578901906806b77b_1/article.html,2025-06-24 00:06:00+09:00,2025-06-24 00:31:24.225470
"핀테크(FinTech) 관련주, 광대승천 카카오페이코나아이한국정보인...",지난 5일(현지시간) 미국 증시에 상장된 스테이블코인 발행기업 써클(Circle Internet Group)의 주가는 지난 13일(현지시간) 133.56달러로 마감했다. 전일대비 25.36 급등한 가격이다. 공모가가 31달러에 불과했던 이...,네이버뉴스,http://www.finomy.com/news/articleView.html?idxno=231878,2025-06-24 00:06:00+09:00,2025-06-24 00:31:24.225470
"뉴욕증시, 이란 대응 관망하며 소폭 하락 국제유가 보합세",미국의 이란 핵시설 공습 이후 뉴욕증시 주요 지수가 강세를 나타냈다. 23일(현지시간) 오전 10시 15분 기준 뉴욕증권거래소(NYSE)에서 다우존스30 산업평균지수는 전 거래일보다 188.95포인트(0.45) 오른 4만 2395.77을...,네이버뉴스,https://www.newscj.com/news/articleView.html?idxno=3284968,2025-06-24 00:06:00+09:00,2025-06-24 00:31:24.225470
Todays PICK 새 정부서 힘받는 네이버시총도 어느새 빅5 등극,김지원 KB증권 연구원은 시장이 이란의 보복 가능성을 낮게 본 영향으로 유가를 비롯해 미국 시간외 선물과 아시아 증시 등이 점진적으로 안정화 추세를 보였다고 분석했다.,네이버뉴스,https://n.news.naver.com/mnews/article/025/0003450057?sid=101,2025-06-24 00:01:00+09:00,2025-06-24 00:31:24.225470
"미국 뉴욕증시, 중동 전면전 우려속 다우 나스닥 상승세",뉴욕증시(사진NYSE 홈페이지 캡쳐) 미국 뉴욕증시가 장초반 상승세를 보이고 있다. 23일(현지시각) 뉴욕증권거래소(NYSE)에서 다우존스30산업평균지수는 전거래일 대비 0.47 오른 4만2495.72를 나타냈다....,네이버뉴스,https://www.gukjenews.com/news/articleView.html?idxno=3306562,2025-06-24 00:00:00+09:00,2025-06-24 00:31:24.225470
속보 미국 연방정부 리플 XRP 압류... 뉴욕증시 quot암호화폐 에스크로 국...,"이러한 움직임이 미국 정부의 압류설과 연계되며 일각에서 음모론이 번졌다.미국 뉴욕증시에서는... 유통사, 플랫폼 사업자 등이 결제 시장에 진입할 수 있는 발판이 마련됐다는 이유에서다.미국 뉴욕증시에서 카드사...",네이버뉴스,http://www.g-enews.com/ko-kr/news/article/news_all/202506192024486727906806b77b_1/article.html,2025-06-24 00:00:00+09:00,2025-06-24 00:31:24.225470
"뉴욕증시, 이란 핵시설 공습 여파 속 혼조세 출발","미국이 지난 주말 이란 핵시설 3곳을 정밀 타격하며 중동전에 직접 뛰어든 가운데, 뉴욕증시는 23일... 한편 유럽 주요 증시는 일제히 하락세를 보이고 있다. 유로스톡스50 지수는 0.42 하락 중이며, 독일 DAX(0.56...",네이버뉴스,https://n.news.naver.com/mnews/article/366/0001087292?sid=104,2025-06-23 23:45:00+09:00,2025-06-24 00:31:24.225470
"미국 뉴욕증시, 중동 긴장 속 나스닥 상승 출발테슬라 급등엔비디아...","뉴욕증시가 주말 사이 격화된 중동 지역의 긴장에도 불구하고 상승 출발했다. 특히, 나스닥지수는... 유럽 증시는 상대적으로 부진했다. 독일 DAX, 프랑스 CAC40, 영국 FTSE 등 주요 지수 모두 약세를 나타냈으며...",네이버뉴스,https://www.topstarnews.net/news/articleView.html?idxno=15706559,2025-06-23 23:32:00+09:00,2025-06-24 00:31:24.225470
美 이란 공격 뉴욕증시 美개입후 첫거래일 오전 강세이란 대응 관망,"뉴욕증시 정규장 첫 거래일인 23일(현지시간) 오전 미국의 3대 주가지수가 모두 강세를 나타냈다. 이날 뉴욕증시에서 오전 10시 15분 기준 다우존스30 산업평균지수는 전 거래일보다 188.95포인트(0.45) 오른 42,395.77을...",네이버뉴스,https://n.news.naver.com/mnews/article/001/0015465577?sid=101,2025-06-23 23:32:00+09:00,2025-06-24 00:31:24.225470
유가상승 주춤에 저점 매수로 美 증시 상승 전환,미국의 이란 공격 직후 급등한 유가 상승이 주춤해지면서 23일(현지시간) 미국 증시는 상승세로 출발했다. 동부표준시로 오전 10시에 SampP500은 0.5 올랐고 나스닥 종합지수는 0.4 상승했다. 다우 존스 산업평균도 0.4...,네이버뉴스,https://n.news.naver.com/mnews/article/015/0005148538?sid=101,2025-06-23 23:19:00+09:00,2025-06-24 00:31:24.225470
"올댓차이나 홍콩 증시, 미중 금융완화 기대에 상승 마감H주 0.82","홍콩 증시는 23일 중동정세를 둘러싼 지정학적 리스크가 커지는 속에서도 미중 금융완화에 대한... 홍콩 증시 상장 중국기업주 중심의 H주 지수는 전장보다 70.29 포인트, 0.82 상승한 8597.36으로 거래를...",네이버뉴스,https://n.news.naver.com/mnews/article/003/0013320133?sid=104,2025-06-23 23:16:00+09:00,2025-06-24 00:31:24.225470
"뉴욕증시, 중동 전면전 우려에도 혼조 출발이란 보복 가능성 주시",뉴욕증시 주요 지수는 혼조로 장을 출발했다. 23일(미국 동부시간) 오전 9시 34분 기준 현재 뉴욕증권거래소... 유럽증시는 일제히 하락 중이다. 유로스톡스50 지수는 전장 대비 0.42 하락하고 있다. 독일 DAX지수는 0.56...,네이버뉴스,https://n.news.naver.com/mnews/article/001/0015465572?sid=101,2025-06-23 23:16:00+09:00,2025-06-24 00:31:24.225470
치킨게임 함부로 하다가 다 죽을 판...출혈경쟁하다 벼랑 끝 선 中전...,김경환 하나증권 중국증시 연구원은 올해 중국 전기차 시장과 주택 시장에서 공통적으로... 한국예탁결제원 증권정보포털에 따르면 국내 중학개미들은 홍콩증시에서 지난 20일 기준 최근 한 달 새 BYD를...,네이버뉴스,https://n.news.naver.com/mnews/article/009/0005513583?sid=101,2025-06-23 23:10:00+09:00,2025-06-24 00:31:24.225470
중동 확전 우려 속 나스닥 다우 선물 지수 상승세,뉴욕증시(사진NYSE 홈페이지 캡쳐) 중동 확전 우려속에도 나스닥 다우 선물 지수가 상승세를 보이고 있다. 23일(현지시간) 미국 시카고상업거래소(CME)에서 나스닥 100 선물 지수는 전일대비 0.17 오른 2만1881....,네이버뉴스,https://www.gukjenews.com/news/articleView.html?idxno=3306525,2025-06-23 23:06:00+09:00,2025-06-24 00:31:24.225470
사실상 전쟁 상태에증시원유비트코인 출렁인다,달러당 원화값은 하루 새 18원가량 하락했으나 허니문 랠리를 이어가고 있는 증시는 개인 순매수 덕에... 이어 과거 걸프전이나 우크라이나러시아 전쟁 등 사례에 비춰봤을 때 지정학적 위험으로 인해 증시의...,네이버뉴스,https://n.news.naver.com/mnews/article/009/0005513581?sid=101,2025-06-23 22:55:00+09:00,2025-06-24 00:31:24.225470
"삼성자산운용, 삼성ESG밸류채권제1호펀드 동일유형 내 수익률 1위",최근 국내 증시의 단기간 급등과 이스라엘의 이란 공격 등 글로벌 변수 여파로 경기 불확실성이 공존하는 가운데 차별화된 운용 전략을 통해 안정적인 성과와 투자 전략에 대한 시장의 신뢰를 받는 것으로 풀이된다....,네이버뉴스,http://www.biztribune.co.kr/news/articleView.html?idxno=335975,2025-06-23 22:52:00+09:00,2025-06-24 00:31:24.225470
뉴욕개장 중동 확전 우려에 소폭 하락세로 출발,미국 뉴욕증시가 23일(현지시간) 소폭 하락세로 출발했다. 로이터통신에 따르면 이날 다우존스 산업평균지수는 전장에 비해 28.3 포인트(0.07) 하락해 4만2178.55로 개장했다. 스탠더드앤드푸어스(SampP) 500지수는 1....,네이버뉴스,https://n.news.naver.com/mnews/article/421/0008328184?sid=104,2025-06-23 22:44:00+09:00,2025-06-24 00:31:24.226468
"뉴욕증시, 이란 대응 주시하며 소폭 하락국제유가는 보합세","미국 뉴욕 증시의 3대 지수가 23일(현지시간) 장 초반 약보합세다. 지난 주말 미국의 이란 핵시설 전격 공습으로 중동발 지정학적 리스크가 커졌지만, 투자자들은 이란의 보복 대응 수위가 제한적일 것으로 예상하며...",네이버뉴스,https://n.news.naver.com/mnews/article/277/0005611959?sid=101,2025-06-23 22:42:00+09:00,2025-06-24 00:31:24.226468
미국 뉴욕증시 장초반 하락 출발나스닥 하락테슬라 상승엔비디아...,"미국 뉴욕증시가 주초반부터 약세로 출발했다. 6월 23일(현지시간) 오전 9시 35분 현재, SampP 500, 나스닥... 시차로 인해 이날 보관금액 데이터는 개장 당일 증시 흐름이 아닌 이전 거래일의 결과를 반영하고...",네이버뉴스,https://www.topstarnews.net/news/articleView.html?idxno=15706549,2025-06-23 22:38:00+09:00,2025-06-24 00:31:24.226468
"속보뉴욕증시, 중동 주시하며 하락 출발나스닥 0.2",후속기사가 이어집니다,네이버뉴스,https://n.news.naver.com/mnews/article/003/0013320127?sid=104,2025-06-23 22:38:00+09:00,2025-06-24 00:31:24.226468
"뉴욕증시 프리뷰, 중동 전면전 우려 속에도 미 주가선물 오름세...팔란티...",뉴욕 증시 개장 전 소폭 반등세로 돌아섰다. 미 동부 시간 오전 9시 15분 기준 시카고상품거래소(CME)에서 E... 중동에서의 전쟁은 트럼프의 관세 재편 움직임과 더불어 이미 부담을 안고 있는 증시와 경제에 새로운 위험...,네이버뉴스,https://www.newspim.com/news/view/20250623001034,2025-06-23 22:25:00+09:00,2025-06-24 00:31:24.226468
QampAI 카카오페이 주가 급등... 원인 및 단기 전망은,"국내 증시에서 카카오페이와 같은 성장주에 대한 관심이 커졌습니다. 이는 정책적 호재와 맞물려 주가에... 리스크 요인 시장 변동성 글로벌 경제 불확실성(예 미국이란 갈등, 유가 변동) 및 국내 증시의 단기 조정...",네이버뉴스,https://n.news.naver.com/mnews/article/092/0002379304?sid=105,2025-06-23 22:15:00+09:00,2025-06-24 00:31:24.226468
"이런 경사가새 정부 요직에 임원 들어갔다, 네이버LG 주가 환호...",LG는 이 대통령의 증시 부양 공약과 지주사 주가 상승 흐름에 힘입어 상승세를 이어가고 있었다. 4월에 5만원대에 불과했던 LG 주가는 대선 직전인 5월 말 6만원대에 진입했고 이날 8만원을 돌파했다. 장중 최고...,네이버뉴스,https://n.news.naver.com/mnews/article/009/0005513570?sid=101,2025-06-23 21:46:00+09:00,2025-06-24 00:31:24.226468
올해 주가 최대 4배 급등 경남 조방원 상승 랠리,23일 서울 중구 하나은행 본점에서 직원들이 증시와 환율을 모니터하고 있다. 이날 원달러 환율 18.7원 오른 1384.3원(1530 종가)으로 장을 마쳤고 코스피 지수는 전장보다 7.37포인트(0.24) 내린 3014.47로 장을...,네이버뉴스,http://www.knnews.co.kr/news/articleView.php?idxno=1463719,2025-06-23 21:44:00+09:00,2025-06-24 00:31:24.226468
죽어도 죽지 않는다좀비 주식의 생존법,"죽어도 죽지 않는 좀비처럼, 퇴출당해야 할 기업들이 질기게 증시에서 버팁니다. 한국과 미국 증시의 시가총액은 약 스물네 배 차이가 나지만, 상장사 수를 보면, 차이가 두 배 정도밖에 안 됩니다. 한국 증시, 덩치는...",네이버뉴스,https://n.news.naver.com/mnews/article/056/0011975244?sid=101,2025-06-23 21:40:00+09:00,2025-06-24 00:31:24.226468
미리보는 이데일리 신문에너지 동맥 막힐 판중동발 악몽 덮친 ...,"참전에이스라엘 증시, 사상 최고치 경신 나토 회원국, GDP 5 방위비 증액 합의목표는 트럼프 달래기 테슬라, 로보택시 첫 상용 운행4.2달러 정액제, 안전요원 탑승 산업 LG, 유럽 냉난방공조 유지보수...",네이버뉴스,https://n.news.naver.com/mnews/article/018/0006047183?sid=102,2025-06-23 21:33:00+09:00,2025-06-24 00:31:24.226468
"환율 19원 급등, 증시도 불안정부 quot변동성 확대 시 상황별 대응quot",하지만 환율 상승세가 지속되면 외국인 투자자가 빠져나가면서 국내 증시 훈풍에 찬물을 끼얹을 거란 관측도 나옵니다. 여기에 물가 상승 압력으로 한은의 금리 인하가 제동이 걸릴 거란 우려도 제기됩니다. 김정식...,네이버뉴스,https://n.news.naver.com/mnews/article/448/0000537289?sid=101,2025-06-23 21:17:00+09:00,2025-06-24 00:31:24.226468
올해만 벌써 10조큰손들 매수에 혈안,발행됐다면 증시 반등 국면에선 높은 쿠폰 수익을 기대할 수 있을뿐더러 6개월마다 진행되는 조기 상환 조건도 충족하기 쉬워진다quot고 전했다. 이 매체는 그러면서 quot최근 한 달간 조기 상환된 ELS 상품 중 엔비디아와...,네이버뉴스,https://n.news.naver.com/mnews/article/215/0001213779?sid=101,2025-06-23 21:16:00+09:00,2025-06-24 00:31:24.226468
美 이란 공격에 금융당국도 비상... quot필요 시 시장안정 조치불공정거...,사진금융위원회 미국이 이란 핵 시설을 공습하는 등 국제 정세가 요동침에 따라 금융당국이 긴급회의를 갖고 국내 증시 상황 등을 점검했다. 금융당국은 시장 변동성 확대를 막기 위해 증시 모니터링을 강화하는...,네이버뉴스,https://www.greened.kr/news/articleView.html?idxno=327917,2025-06-23 21:12:00+09:00,2025-06-24 00:31:24.226468
"원달러 환율, 중동 리스크에 18.7원 급등한달 만에 최고치","위험회피 분위기에 이날 국내증시는 하락했다. 외국인도 3700억원대를 순매도하며 환율 상승을 견인했다. 코스피는 중동 불안에도 장중 낙폭을 줄여 3,010대에서 약보합세로 마감했다. 외국인과 기관의 순매도에도...",네이버뉴스,https://www.betanews.net/article/view/beta202506230081,2025-06-23 21:08:00+09:00,2025-06-24 00:31:24.226468
"유럽증시 이란 쇼크에 떠는 유럽, 주요 3국 일제히 하락세","유럽 주요 3개국 영국과 프랑스, 독일 증권 지수가 23일 일제히 하락세를 보였다. 미국의 이란 타격에 따른 경기 악화 우려에 증권 투자 심리가 얼어붙은 것으로 짐작된다. 도널드 트럼프 미국...",네이버뉴스,http://www.g-enews.com/ko-kr/news/article/news_all/202506232101595225c5fa75ef86_1/article.html,2025-06-23 21:04:00+09:00,2025-06-24 00:31:24.226468
재주는 K게임이돈은 왕서방이 버네,지난해 7월 증시 상장에 성공한 시프트업 지분도 텐센트가 34.85를 보유하고 있다. 최대주주인 김형태 대표(38.85)와 근소한 차이다. 이 밖에도 스마일게이트와는 크로스파이어 로스트아크 등 중국 퍼블리싱...,네이버뉴스,https://n.news.naver.com/mnews/article/024/0000098029?sid=101,2025-06-23 21:01:00+09:00,2025-06-24 00:31:24.226468
"메타플래닛, 비트코인 1,111개 추가 매수보유량 1만1,111BTC 돌파","한편, 중동발 지정학적 긴장 고조로 인해 일본 증시와 암호화폐 시장 전반이 불안정해지면서, 메타플래닛의 주가는 한때 5.39 하락해 주당 1,685엔을 기록했다. 같은 기간 비트코인 시세도 약세를 보이며...",네이버뉴스,https://www.tokenpost.kr/news/cryptocurrency/260217,2025-06-23 21:00:00+09:00,2025-06-24 00:31:24.226468
삼성운용 삼성ESG밸류채권제1호펀드 동일유형 내 수익률 1위,최근 국내 증시의 단기간 급등과 이스라엘의 이란 공격 등 글로벌 변수 여파로 경기 불확실성이 공존하는 가운데 차별화된 운용 전략을 통해 안정적인 성과와 투자 전략에 대한 시장의 신뢰를 받는 것으로 풀이된다....,네이버뉴스,https://www.newsinside.kr/news/articleView.html?idxno=3758506,2025-06-23 20:58:00+09:00,2025-06-24 00:31:24.226468
가까스로 지켜낸 삼천피관건은 중동 갈등 격화 여부,"새 정부의 정책 기대감에 허니문 랠리를 이어오던 국내 증시는 중동 분쟁이라는 글로벌 악재에 부딪히며 동반 약세를 보였습니다. 그럼에도 3,000선을 지켜낸 건 시장이 여전히 정책 모멘텀에 기대를 걸고 있단...",네이버뉴스,https://n.news.naver.com/mnews/article/422/0000752493?sid=161,2025-06-23 20:55:00+09:00,2025-06-24 00:31:24.226468
"신한은행, 다시한번 코리아 국내 주식형 펀드 가입금액 1천억원 돌파",신한은행 관계자는 quot최근 국내 증시에 대한 기대감과 함께 다시 한번 국내 상장기업에 주목하고 펀드 상품 이해도를 높이는 다양한 콘텐츠 및 정보를 적극 제공하겠다quot며 quot앞으로도 신한을 선택해주시는 고객의 수익률...,네이버뉴스,https://www.dailysportshankook.co.kr/news/articleView.html?idxno=408189,2025-06-23 20:36:00+09:00,2025-06-24 00:31:24.227467
"은행 amp NOW 토스뱅크, 하루 1분 뇌 운동 서비스 출시 등",신한은행 관계자는 quot최근 국내 증시에 대한 기대감과 함께 다시 한번 국내 상장기업에 주목하고 펀드 상품 이해도를 높이는 다양한 콘텐츠 및 정보를 적극 제공하겠다quot며 quot앞으로도 신한을 선택해주시는 고객의 수익률...,네이버뉴스,https://www.ebn.co.kr/news/articleView.html?idxno=1667745,2025-06-23 20:32:00+09:00,2025-06-24 00:31:24.227467
증시 출렁개인 폭풍매수에 3천피 회복,"일본 닛케이와 타이완 자취안 지수도 장 초반 낙폭을 상당 부분 만회했고, 홍콩과 상하이 증시는 상승... 국내 증시 여건과 정책 변수에 무게를 뒀다는 해석이 나왔습니다. 황세운자본시장연구원 선임연구위원...",네이버뉴스,https://n.news.naver.com/mnews/article/055/0001269024?sid=101,2025-06-23 20:24:00+09:00,2025-06-24 00:31:24.227467
"중동 리스크 확산에 금융위 24시간 감시체제...KB우리하나, 실물경...","유관기관 증시상황 긴급 점검회의를 개최했다. 미국의 이란 핵시설 공습 여파에 따른 대응방안을 논의하기 위한 조치로, 중동 사태 관련 금융당국의 최신속 대응이라는 평가가 나온다. 회의 참석자들은 국내 증시가...",네이버뉴스,https://www.greened.kr/news/articleView.html?idxno=327930,2025-06-23 20:20:00+09:00,2025-06-24 00:31:24.227467
quot국제유가 추가 상승시 원화 등 아시아 통화 하락quot,대만 증시가 가장 큰 폭의 하락세를 기록했다. 중국 상하이 지수와 홍콩 항셍 지수만 각각 상승세를 보였다. 중국을 제외한 아시아 증시 대부분 하락한 가운데 아시아 통화들도 일제히 약세를 보였다. 통상 안전...,네이버뉴스,https://n.news.naver.com/mnews/article/015/0005148525?sid=101,2025-06-23 20:14:00+09:00,2025-06-24 00:31:24.227467
중동사태에도 삼천피 사수한 개미들환율은 9.4원 급등,박형중 우리은행 이코노미스트는 한국의 원유 수입 의존도를 감안하면 중동 사태가 장기화할 경우 환율이 1400원을 넘어설 가능성이 꽤 높다며 다만 추경과 증시 활성화에 대한 외국인의 기대감이 있는 만큼...,네이버뉴스,https://n.news.naver.com/mnews/article/081/0003551701?sid=101,2025-06-23 20:12:00+09:00,2025-06-24 00:31:24.227467
"중동 사태에 주식시장 그린3,014 선방","김두언 하나증권 연구원 국내 증시의 저력이라고 할 수 있는 정책에 대한 기대감이 글로벌 불확실성을 일부 상쇄한 부분이 분명히 있다고 말씀드리겠습니다. 중동 사태에도 불구하고 지난주 3,000을 돌파한 저력을...",네이버뉴스,https://www.obsnews.co.kr/news/articleView.html?idxno=1487660,2025-06-23 20:08:00+09:00,2025-06-24 00:31:24.227467
인도증시 중동 위기 고조에 하락 마감...방산株 바라트 일렉트로닉스...,"홍우리 특파원 23일 인도 증시는 하락했다. 센섹스30 지수는 0.62 내린 8만 1896.38포인트, 니프티50 지수는 0.... 지정학적 위기 속에 달러가 강세를 보인 것이 증시 하락을 더욱 압박했다. 안전 자산인 달러의 강세는 신흥...",네이버뉴스,https://www.newspim.com/news/view/20250623001029,2025-06-23 20:06:00+09:00,2025-06-24 00:31:24.227467
quot집중투표제 없이 코스피 5000 어려워...이사충실 의무 확대보다 중요...,"집중투표제 도입 없이 코리아 디스카운트(한국 증시 저평가) 해소는 어려우며, 이는 이사 충실의무 주주확대 상법 개정 만큼이나 시급한 과제라는 지적이 나왔다. 이창환 얼라인파트너스 대표는 23일 서울 여의도에서...",네이버뉴스,https://www.asiatime.co.kr/article/20250623500416,2025-06-23 20:06:00+09:00,2025-06-24 00:31:24.227467
"증시 3천은 지켰다quot경기회복 불씨 꺼질라quot 정부, 긴급 점검",앵커 새 정부 들어 추경 등 정책에 대한 기대감이 커지면서 모처럼 활기를 띠던 우리 경제에도 타격이 우려되고 있습니다. 다만 코스피는 오늘 3천 포인트를 지켰는데요. 정부는 대내외 경제상황이 급변할 것에...,네이버뉴스,https://n.news.naver.com/mnews/article/214/0001431930?sid=101,2025-06-23 20:02:00+09:00,2025-06-24 00:31:24.227467
"美, 이란 핵시설 정밀타격 호르무즈 해협 봉쇄 우려에 시장 긴장","중동 지역의 긴장이 고조되는 가운데, 글로벌 증시는 소폭 상승세를 나타냈고 유가는 앞서 급등했던 흐름에서 일부 차익이 실현되며 상승분을 일부 반납했다. 지난 토요일 저녁(현지시간), 미국이 이란 내 핵시설 세...",네이버뉴스,https://www.tokenpost.kr/news/international/260196,2025-06-23 19:44:00+09:00,2025-06-24 00:31:24.227467
亞증시종합 중동발 리스크오프 소화 후 낙폭 대거 반납,국제경제부 23일 아시아 주요 증시는 주말에 있었던 중동 무력 충돌 사태를 반영해 하락 출발했으나... 일본 일본 도쿄증시는 중동발 긴장 고조에 하락 출발했으나 낙폭을 점차 줄인 후 마무리했다....,네이버뉴스,https://news.einfomax.co.kr/news/articleView.html?idxno=4361580,2025-06-23 19:36:00+09:00,2025-06-24 00:31:24.227467
중동 분쟁에 증시환율 불안급박하게 돌아간 금융권,"중동 정세 불안이 커지면서 오늘(23일) 하루 우리 금융시장도 흔들렸습니다. 3000을 넘으며 랠리를 이어왔던 코스피는 악재를 만나 잠시 흔들렸고, 안정을 보였던 환율도 18원 넘게 치솟았습니다. 김태형 기자입니다....",네이버뉴스,https://n.news.naver.com/mnews/article/057/0001892885?sid=101,2025-06-23 19:30:00+09:00,2025-06-24 00:31:24.227467
"신한은행, 다시한번 코리아 호응 속 국내 주식형 펀드 가입금액 1천억...",신한은행 관계자는 quot최근 국내 증시에 대한 기대감과 함께 다시 한번 국내 상장기업에 주목하고 펀드 상품 이해도를 높이는 다양한 콘텐츠와 정보를 적극 제공하겠다quot며 quot앞으로도 신한을 선택해 주시는 고객의 수익률...,네이버뉴스,http://www.bizwnews.com/news/articleView.html?idxno=105809,2025-06-23 19:26:00+09:00,2025-06-24 00:31:24.227467
중동발 리스크에 코스피 롤러코스터개미의 힘으로 3000 고지 지켜...,최근 격화되는 중동발 지정학적 리스크로 23일 한국 증시가 출렁했으나 이후 회복해 약보합 마감했다. 정부는 금융시장의 영향을 점검하고 변동성 확대를 경고했다. 이날 코스피는 전장 대비 29.64포인트(0.98) 내린...,네이버뉴스,https://n.news.naver.com/mnews/article/658/0000111300?sid=101,2025-06-23 19:26:00+09:00,2025-06-24 00:31:24.227467
코스피 상승세 꺾였다호르무즈 안 막혔는데 이미 경고등,"증시 상승세는 멈췄고, 원달러 환율도 하루 만에 20원 가까이 치솟았습니다. 이란이 호르무즈 해협을 원천 봉쇄하기까지 하면 우리나라도 치명타를 입을 수밖에 없는데 우리 경제에 미칠 여파, 공다솜 기자가...",네이버뉴스,https://n.news.naver.com/mnews/article/437/0000445718?sid=101,2025-06-23 19:24:00+09:00,2025-06-24 00:31:24.227467
도청도설 이재명노믹스,지난해 국내 증시는 대내외적 불안요소에 시달리며 부진을 면치 못했다. 연말 위헌적 비상계엄과 이어진... 이런 조치는 유동성 공급을 이끌어 증시 밸류에이션을 높이는 효과를 동반한다. 이 대통령은 후보...,네이버뉴스,https://n.news.naver.com/mnews/article/658/0000111294?sid=110,2025-06-23 19:17:00+09:00,2025-06-24 00:31:24.227467
중동발 위기에도 3000피 사수증권가는 우상향 기대도,"이에 국내 증권가에서는 중동 사태로 국내 증시 흐름의 조정은 불가피하지만, 그럼에도 상방 압력은 여전히... 물론 증시에도 큰 영향을 미친다는 게 지배적인 의견이다. 다만, 증권가에서는 미국이란 간 군사적...",네이버뉴스,https://n.news.naver.com/mnews/article/018/0006047153?sid=101,2025-06-23 19:12:00+09:00,2025-06-24 00:31:24.227467
美이란 충돌에 코스피 3천선 공방 금주의 투자 캘린더,"이번 주 국내 증시는 중동발 지정학 리스크, 미국 연준 의장의 의회 청문회, 반도체 수출 규제 이슈 등... 키움증권 한지영 연구원은 quot주중 이란과 미국의 상호 대응 뉴스가 증시 변동성을 유발하겠지만...",네이버뉴스,https://www.econovill.com/news/articleView.html?idxno=700696,2025-06-23 19:08:00+09:00,2025-06-24 00:31:24.227467
"초점 트럼프의 이란 핵시설 폭격, 美 물가경기 불확실성 키워","실제로 이스라엘 텔아비브 증시 주요 지수(TA125)는 공습 이후 사상 최고치를 기록했다. 고용 둔화, 소비 냉각 우려도 겹쳐 한편 미국 노동시장도 점차 힘을 잃고 있다는 신호가 이어지고 있다. 오는 27일 발표될 예정인...",네이버뉴스,http://www.g-enews.com/ko-kr/news/article/news_all/2025062318585077079a1f309431_1/article.html,2025-06-23 19:00:00+09:00,2025-06-24 00:31:24.228462
"중동 갈등 고조정부, 금융유가 등 시장 안정 총력","중동사태 관련 증시상황 긴급 점검회의 (장소 23일 오전, 정부서울청사) 김병환 금융위원장도 금융당국과 한국거래소 등 유관기관과 함께 중동사태 관련 증시상황 긴급 점검회의를 가졌습니다. 김 위원장은 quot우리...",네이버뉴스,https://www.ktv.go.kr/content/view?content_id=730696,2025-06-23 19:00:00+09:00,2025-06-24 00:31:24.228462
중동 확전 여파에도 코스피 3000P 지켰다,김지원 KB증권 연구원은 시장은 호르무즈 해협 봉쇄 등 이란의 보복 가능성을 낮게 보고 있다며 유가와 아시아 증시 등이 장 초반 큰 변동성을 보였지만 점진적으로 안정됐다고 설명했다.,네이버뉴스,https://n.news.naver.com/mnews/article/005/0001785051?sid=101,2025-06-23 19:00:00+09:00,2025-06-24 00:31:24.228462
"대형 악재 만난 코스피, 3000선 지켜낼까",금융위원회는 이날 한국거래소와 증시 상황 긴급점검회의를 열고 외국인기관투자자 등 수급 상황을 점검했다. 김병환 금융위원장은 금융당국과 유관기관은 공조체계를 바탕으로 작은 변동성에도 경각심을...,네이버뉴스,https://n.news.naver.com/mnews/article/022/0004045875?sid=101,2025-06-23 18:57:00+09:00,2025-06-24 00:31:24.228462
중동 갈등에도 삼천피 사수환율은 급등,"중동 갈등이 장기화될 경우 환율 상단이 다시 1,400원대로 올라설 수 있다는 전망도 나오고 있습니다. 연합뉴스TV 김수빈입니다. 영상취재 기자 구본은 환율 코스피 코스닥 증시 중동분쟁 중동사태 호르무즈해협",네이버뉴스,https://n.news.naver.com/mnews/article/422/0000752458?sid=101,2025-06-23 18:57:00+09:00,2025-06-24 00:31:24.228462
"fn사설 호르무즈 봉쇄 위협, 최악 가정해 만반의 대비를",원자재 시장과 증시는 내내 요동쳤다. 서부텍사스산원유 선물가격은 23일 오전 3 넘게 급등했다. 미국의 이란 공습 전과 비교하면 13 올랐다. JP모건은 충돌이 중동 전역으로 확대될 경우 국제유가가 배럴당 130달러에 이를...,네이버뉴스,https://n.news.naver.com/mnews/article/014/0005367112?sid=110,2025-06-23 18:56:00+09:00,2025-06-24 00:31:24.228462
중동 리스크 확산에 금융권 비상 대응 체제 돌입,"23일 금융위원회는 금융감독원, 한국거래소 등 유관기관과 함께 유관기관 증시상황 긴급 점검회의를 개최했다. 이날 회의에서는 미국의 이란 군사개입에 대한 해외 시각과 국내 증시의 외국인기관투자자 등 수급...",네이버뉴스,http://www.sisafocus.co.kr/news/articleView.html?idxno=341497,2025-06-23 18:56:00+09:00,2025-06-24 00:31:24.228462
논현광장 기업성장성이 추가 랠리 부른다,이투데이이투데이 김한진 삼프로TV 이코노미스트 국내 증시가 모처럼 활짝 웃고 있다. 코스피는 지난 4월... 이들 대내 요인과 때마침 나라 밖의 상황도 우리 증시에 도움을 줬다. 즉 트럼프 정부가 고율의 관세 카드를...,네이버뉴스,https://www.etoday.co.kr/news/view/2481400,2025-06-23 18:52:00+09:00,2025-06-24 00:31:24.228462
미국의 억제력 되살아났다...고립주의 벗어나 국제질서 대수술,이스라엘 증시도 사상 최고치 기록 미국의 억제력이 돌아왔다. 22일(현지시간) 미국의 이란 핵시설... 미국의 이란 핵시설 공습 직후 이스라엘 증시는 환호성을 질렀다. 이날 이스라엘 텔아비브 증권거래소의 TA125는 1.8...,네이버뉴스,https://n.news.naver.com/mnews/article/009/0005513527?sid=104,2025-06-23 18:52:00+09:00,2025-06-24 00:31:24.228462
"메타플래닛스트래티지, 비트코인 주권 경쟁2027년 21만 BTC 목표","세일러가 이끄는 전략적 비트코인 투자회사 스트래티지(Strategy)는 최근 1만 100BTC를 추가 매입했고, 이에 앞서 일본 도쿄증시에 상장된 메타플래닛(Metaplanet)도 1,111 BTC를 신규 매입하며 2025년 연말까지 3만 BTC...",네이버뉴스,https://www.tokenpost.kr/news/cryptocurrency/260180,2025-06-23 18:50:00+09:00,2025-06-24 00:31:24.228462
호르무즈 봉쇄 임박 트럼프는 quot이란 정권교체quot 경고최악 치닫는 중동...,아시아 증시는 장 초반 하락했지만 대부분 약보합 상태로 마무리했다. 코스피지수는 개인 순매수에 힘입어 전 거래일 대비 7.37p(0.24) 하락한 3014.47로 장을 마감했다. 이날 지수는 전장 대비 0.98 하락한 2992.20에...,네이버뉴스,https://n.news.naver.com/mnews/article/014/0005367098?sid=104,2025-06-23 18:48:00+09:00,2025-06-24 00:31:24.228462
주간 증시 전망 quot삼성SK 中반도체 공장에 美장비 제한quot 통보반도체...,"경제현장 오늘 주간 증시 전망 이승우 유진투자증권 리서치센터장 주간 증시, 반도체로 좁혀보겠습니다. 미국이 반도체 수출 통제를 강화합니다. 삼성전자와 SK하이닉스의 중국 공장에 대한 반도체 장비 수출을...",네이버뉴스,https://n.news.naver.com/mnews/article/374/0000447484?sid=101,2025-06-23 18:44:00+09:00,2025-06-24 00:31:24.228462
집중진단 코스피 강세 지속 韓 관세 협상변수 일어날까?,코스피 3천을 뚫으며 기세 좋게 오르던 우리 증시에 최대 악재가 돌발했는데요. 시장은 우려보다 충격을 덜 받고 있죠. 이재명 정부 출범 후 증시 친화적인 정책 기대감으로 탄력을 받고 있는 우리 증시가 각종 리스크를...,네이버뉴스,https://n.news.naver.com/mnews/article/374/0000447483?sid=101,2025-06-23 18:44:00+09:00,2025-06-24 00:31:24.228462
중동 위기에도 아시아 증시는 차분왜? 이런뉴스,"미국의 이란 핵시설 공습과 이란의 호르무즈 해협 봉쇄 위협이 잇따르면서 중동 위기가 고조됐지만, 아시아 증시는 비교적 차분한 장세를 보였습니다. 오늘(23일) 아시아 주요 증시는 약세로 출발했지만, 오후 들어...",네이버뉴스,https://n.news.naver.com/mnews/article/056/0011975052?sid=121,2025-06-23 18:37:00+09:00,2025-06-24 00:31:24.228462
폭풍 매수 개미가 3천피 고지 지켜냈지만 환율이 오늘 증시,"한국거래소에 따르면 개인투자자는 이날 국내 증시에서 1조4973억원의 순매수세를 기록했다.... 변동성에 베팅한 개인투자자가 증시 하락을 막은 셈이다. 환율 다만, 원환율은 가파른 상승세를 기록했다....",네이버뉴스,https://n.news.naver.com/mnews/article/665/0000005270?sid=101,2025-06-23 18:37:00+09:00,2025-06-24 00:31:24.228462
"5일간 또 2배 오른 서클, 추격 매수사상최고 근접한 엔비디아 순매도...",서학개미들이 미국 증시에서 한 주만에 다시 순매도로 전환했다. 이스라엘과 이란간 분쟁이 고조되며 S... 한국예탁결제원에 따르면 서학개미들은 지난 1218일(결제일 기준 1620일) 사이에 미국 증시에서...,네이버뉴스,https://n.news.naver.com/mnews/article/008/0005211491?sid=101,2025-06-23 18:35:00+09:00,2025-06-24 00:31:24.228462
"중동 불안 최고조금융권, 리스크 관리 총력","23일 업계에 따르면 김병환 금융위원장은 이날 금융감독원, 한국거래소 등 유관기관과 증시상황 긴급 점검회의를 개최하고, 미국의 이란 군사개입에 대한 해외 시각과 국내 증시의 외국인기관투자자 등 수급 상황을...",네이버뉴스,http://www.enewstoday.co.kr/news/articleView.html?idxno=2293715,2025-06-23 18:35:00+09:00,2025-06-24 00:31:24.228462
"신한은행, 국내 주식형 펀드 가입액 1000억원 돌파",신한은행 관계자는 quot최근 국내 증시에 대한 기대감과 함께 다시 한번 국내 상장기업에 주목하고 펀드 상품 이해도를 높이는 다양한 콘텐츠 및 정보를 적극 제공하겠다quot며 quot앞으로도 신한을 선택해주시는 고객의...,네이버뉴스,http://www.whitepaper.co.kr/news/articleView.html?idxno=248107,2025-06-23 18:34:00+09:00,2025-06-24 00:31:24.228462
"신한은행, 국내 주식형 펀드 가입금액 1000억 돌파",신한은행 관계자는 quot최근 국내 증시에 대한 기대감과 함께 다시 한번 국내 상장기업에 주목하고 펀드 상품 이해도를 높이는 다양한 콘텐츠 및 정보를 적극 제공하겠다quot며 quot앞으로도 신한을 선택해주시는 고객의 수익률...,네이버뉴스,https://www.getnews.co.kr/news/articleView.html?idxno=827674,2025-06-23 18:34:00+09:00,2025-06-24 00:31:24.228462
서환마감 중동 리스크 고조로 1개월래 최고18.70원,"국내 증시는 장 초반 가파르게 하락했으나 꾸준히 낙폭을 반납해 코스피는 3,000 위에서 거래를 끝냈다. 최근 달러원 하락을 이끌었던 외국인들은 이날 유가증권시장에서 주식을 3천600억원어치 이상 순매도하며...",네이버뉴스,https://news.einfomax.co.kr/news/articleView.html?idxno=4361573,2025-06-23 18:32:00+09:00,2025-06-24 00:31:24.228462
호르무즈 해협 봉쇄 위기 반등 찾는 한국 경제 비상,"이란 핵시설에 대한 미국의 폭격 이후, 이란이 강력한 보복을 연일 강조하고 이스라엘도 전쟁을 멈출 뜻을 보이지 않으면서 중동의 짙은 전운이 걷히지 않고 있다. 특히 국제유가가 크게 출렁이는 가운데, 이란이...",네이버뉴스,https://n.news.naver.com/mnews/article/082/0001332030?sid=101,2025-06-23 18:28:00+09:00,2025-06-24 00:31:24.228462
스테이블코인 호재로 위메이드넥써쓰 등 다수 게임주 급상승,"23일 마감된 증시에서 가장 관심을 받은 게임주는 위메이드 관련주다. 먼저 위메이드는 장중 한때 29.08까지 상승했다가 전일 대비 27.6 상승한 43,000원에 장을 마감했다. 거래량은 97만 주였다. 그리고 자회사인...",네이버뉴스,http://www.gamevu.co.kr/news/articleView.html?idxno=41676,2025-06-23 18:28:00+09:00,2025-06-24 00:31:24.228462
코스피 3000 안착 가능성 커졌다,"최근 국내 증시가 이처럼 강세를 보이는 데는 몇 가지 요인이 있다. 이재명 정부 출범과 기대감 새 정부... 기대가 증시에 긍정적인 영향을 미치고 있다. 상법이 개정되면 쪼개기 상장, 이익 대비 짠 배당, 비정상적...",네이버뉴스,https://www.idomin.com/news/articleView.html?idxno=940116,2025-06-23 18:26:00+09:00,2025-06-24 00:31:24.228462
중국증시마감 중동 긴장에도 반등석유가스株 강세,"23일 중국 증시는 장중 반등한 후 꾸준히 상승폭을 확대한 후 마무리했다. 연합인포맥스의 세계주가지수 화면(화면번호 6511번)에 따르면 상하이종합지수는 21.69포인트(0.65) 상승한 3,381.58에, 선전종합지수는 18....",네이버뉴스,https://news.einfomax.co.kr/news/articleView.html?idxno=4361571,2025-06-23 18:24:00+09:00,2025-06-24 00:31:24.228462
"유럽 증시, 하락 출발유로스톡스 0.32독일 0.53",본 기사는 인포맥스 금융정보 단말기에서 2시간 더 빠른 16시 21분에 서비스된 기사입니다.,네이버뉴스,https://news.einfomax.co.kr/news/articleView.html?idxno=4361572,2025-06-23 18:24:00+09:00,2025-06-24 00:31:24.228462
공매도 실탄 대차잔고 급증 증시 랠리 발목 잡나,공매도 대기자금 성격인 대차거래 잔고는 주가 하락에 베팅하는 만큼 향후 증시 상승의 발목을 잡을 수... 국내 증시가 이달 들어 가파르게 오른만큼 과열 부담도 커 투자자들이 대차거래를 늘렸다는 게 전문가들의...,네이버뉴스,https://n.news.naver.com/mnews/article/014/0005367062?sid=101,2025-06-23 18:18:00+09:00,2025-06-24 00:31:24.228462
중동 위기마다 유가 급등코스피는 단기 충격,미국과 이란 간의 갈등이 재점화되며 국제유가가 80달러 선을 넘보는 가운데 국내 증시가 다시 한 번 중동... 국내 증시도 큰 타격을 입었는데요. 이란의 미사일 공격 후 첫 거래일이었던 4월 15일 코스피는 2 넘게...,네이버뉴스,https://n.news.naver.com/mnews/article/215/0001213766?sid=101,2025-06-23 18:17:00+09:00,2025-06-24 00:31:24.228462
하정우 이어 한성숙 발탁quotAI 정책 드라이브quot 네이버 시총 5위,김지원 KB증권 연구원은 시장이 이란의 보복 가능성을 낮게 본 영향으로 유가를 비롯해 미국 시간외 선물과 아시아 증시 등이 점진적으로 안정화 추세를 보였다고 분석했다.,네이버뉴스,https://n.news.naver.com/mnews/article/025/0003450011?sid=101,2025-06-23 18:17:00+09:00,2025-06-24 00:31:24.228462
"亞증시 선방에 quot美 개입, 이스라엘 공습과 달라핵 위협 해소quot","23일 연합인포맥스 글로벌증시종합(7200)에 따르면 이날 오후 4시 8분 기준 중국 상하이종합지수는 0.65, 선전지수는 0.95 올라 거래를 마쳤고 홍콩 항셍 지수는 0.59, 항셍 H지수는 0.79 상승세를 나타냈다. 일본 닛케이225...",네이버뉴스,https://news.einfomax.co.kr/news/articleView.html?idxno=4361570,2025-06-23 18:16:00+09:00,2025-06-24 00:31:24.228462
오늘의 증시 일정 (6월 24일),"공모주청약뉴엔에이아이(NH, 1만5000원) 케이비제32호스팩(첫날, KB, 2000원) 유상납입일셀리드 추가상장키움증권(주식의 종류 변경) 예스티(CB) 오하임앤컴퍼니(주식매수선택권)",네이버뉴스,https://n.news.naver.com/mnews/article/009/0005513515?sid=101,2025-06-23 18:14:00+09:00,2025-06-24 00:31:24.229465
결제송금 편의성 업그레이드 차별성 없으면 시장 퇴출,"현재 뉴욕 증시에서 서클인터넷은 주당 235달러에 거래되고 있다. 달러 기반 스테이블코인은 예치만으로 연 410의 수익률(APY)을 제공하는 투자 자산으로 주목받고 있다. 가상자산거래소 크라켄은 USDT에 5.5, 코인베이스는...",네이버뉴스,https://n.news.naver.com/mnews/article/082/0001332017?sid=101,2025-06-23 18:13:00+09:00,2025-06-24 00:31:24.229465
세계 원유 수송로 호르무즈 막히나 글로벌 경제 초긴장최악 치닫는 ...,"그럼에도 미국이 이란의 호르무즈해협 차단을 경고한 것은 한국과 일본을 중심으로 하는 미국의 동아시아 동맹국을 비롯, 원유 가격 상승과 증시 폭락 등 글로벌 경제에 심각한 악영향을 줄 수 있기 때문으로 풀이된다....",네이버뉴스,https://n.news.naver.com/mnews/article/014/0005367035?sid=101,2025-06-23 18:10:00+09:00,2025-06-24 00:31:24.229465
"미래에셋운용, 전세계 주식 담는 ETF 출시 미국 외 투자 늘려야",미래에셋은 도널드 트럼프 2기 행정부의 관세 정책과 제조업 부활 움직임이 증시 불안정과 달러 약세로 이어지자 그룹 전체적으로 투자처 다변화에 속도를 내고 있다. 정의현 미래에셋운용 ETF운용본부장은...,네이버뉴스,https://n.news.naver.com/mnews/article/366/0001087276?sid=101,2025-06-23 18:09:00+09:00,2025-06-24 00:31:24.229465
중동 불안에도 삼천피 사수개미 홀로 1조 매수,국내 증시는 오전 한때 1 넘게 빠졌지만 다시 회복되면서 삼천피는 지켰는데요. 중동 불안이 최고조인... 동시에 이란이 미국에 대한 소극적인 대응에 그치자 아시아 증시 모두 개장 후 주저앉았다 회복세를...,네이버뉴스,https://n.news.naver.com/mnews/article/374/0000447466?sid=101,2025-06-23 18:07:00+09:00,2025-06-24 00:31:24.229465
"삼성자산운용, 삼성ESG밸류채권제1호펀드 수익률 1위한국투자신탁운...",최근 국내 증시의 단기간 급등과 이스라엘의 이란 공격 등 글로벌 변수 여파로 경기 불확실성이 공존하는 가운데 차별화된 운용 전략을 통해 안정적인 성과와 투자 전략에 대한 시장의 신뢰를 받는 것으로 풀이된다....,네이버뉴스,http://www.sisaon.co.kr/news/articleView.html?idxno=172425,2025-06-23 18:06:00+09:00,2025-06-24 00:31:24.229465
중동 불안에 코스피 장중 3000 붕괴환율은 급등,"전날 이란 핵개발 시설 3곳에 대한 미군의 공습 여파가 가장 먼저 열린 아시아 증시를 강타한 영향이다. 이날 이란이 호르무즈 해협 봉쇄 카드를 꺼내들며 중동 지역 긴장은 더 고조됐다. 장중 2,970대까지 밀렸던...",네이버뉴스,https://n.news.naver.com/mnews/article/469/0000872005?sid=101,2025-06-23 18:03:00+09:00,2025-06-24 00:31:24.229465
"신한銀, 국내 주식형 펀드 가입금액 1000억원 돌파",신한은행 관계자는 quot최근 국내 증시에 대한 기대감과 함께 다시 한번 국내 상장기업에 주목하고 펀드 상품 이해도를 높이는 다양한 콘텐츠 및 정보를 적극 제공하겠다quot며 quot앞으로도 신한을 선택해주시는 고객의 수익률...,네이버뉴스,https://www.greenpostkorea.co.kr/news/articleView.html?idxno=302369,2025-06-23 18:02:00+09:00,2025-06-24 00:31:24.229465
한성숙배경훈 장관 발탁,LG는 이재명 대통령의 증시 부양 공약과 지주사 주가 상승 흐름에 힘입어 상승세를 이어가고 있었다. 지난 4월에 6만원대에 불과했던 LG 주가는 대선 직전인 5월 말 7만원대에 진입했고 이날 8만원을 돌파했다. 장중...,네이버뉴스,https://n.news.naver.com/mnews/article/009/0005513509?sid=101,2025-06-23 18:00:00+09:00,2025-06-24 00:31:24.229465
"카카오페이, 스테이블코인 핵심 수혜 부각에 급등 증시 이슈","카카오페이가 원화 스테이블코인 수혜주로 주목되면서 주가가 급등했다. 23일 카카오페이는 전 거래일 대비 15.58 오른 9만2000원에 거래를 마쳤다. 유진투자증권은 23일 원화 스테이블코인 도입과 관련, 선불충전금을...",네이버뉴스,https://n.news.naver.com/mnews/article/243/0000080098?sid=101,2025-06-23 18:00:00+09:00,2025-06-24 00:31:24.229465
23일 마감시황 개인들의 매수세에 힙입어 코스피 3000선 유지,"아시아 증시 등 장 초반 변동성 흐름 보였으나 점진적으로 안정화 추세를 보였다. 전주말 중동발 지정학적 위기가 확대되었고, 미국이 이란 핵시설을 직접 공격함에 따라 불안심리 반영되어, 증시는 하락출발했다....",네이버뉴스,https://www.getnews.co.kr/news/articleView.html?idxno=827669,2025-06-23 17:58:00+09:00,2025-06-24 00:31:24.229465
"블랙록, 이더리움(ETH) 257억 원 상당 코인베이스로 이체대규모 매도...","하지만 현 시점에서 블랙록과 같은 대형 기관투자가가 ETH를 매도할 경우, 시세에 적지 않은 충격을 줄 수 있다는 점에서 투자자들의 경계는 더욱 고조되고 있다. 이번 여파는 단순히 블랙록에 국한되지 않는다. 같은...",네이버뉴스,https://www.tokenpost.kr/news/cryptocurrency/260303,2025-06-24 00:30:00+09:00,2025-06-24 00:31:24.414661
아파트값 급등하자 뚝 떨어진 전세가율,"매매가와 전셋값 차이가 벌어지면서 갭 투자는 줄어들 것으로 보인다. 매매 우위 시장이 견고한 모습이다. 부동산R114가 23일 서울 25개 자치구 아파트 157만 가구(임대 제외)의 평균 가격을 표본 분석한 결과, 올해...",네이버뉴스,https://n.news.naver.com/mnews/article/005/0001785103?sid=101,2025-06-24 00:29:00+09:00,2025-06-24 00:31:24.415658
김승현 논설위원이 간다 봉준호의 추억 털어내고 AI 미래도시 꿈...,정책과 투자가 직주락 도시 선순환 만들어 AI시대 선도하겠다 자신감 아메카가 대형 화면을 통해 이... 수도권정비계획법에 의해 다른 도시들이 규제를 받고 화성은 성장관리권역으로 투자가 가능했던 것이 가장...,네이버뉴스,https://n.news.naver.com/mnews/article/025/0003450075?sid=110,2025-06-24 00:24:00+09:00,2025-06-24 00:31:24.415658
"팜플리아노의 프로캡, IPO 추진비트코인 기반 금융 플랫폼으로 1조 원...","암호화폐 투자자 앤서니 팜플리아노(Anthony Pompliano)가 설립한 이 회사는 SPAC(기업인수목적회사)인... 이 가운데 2억 3,500만 달러(약 3,267억 원)는 전환사채 형태로 조달됐으며, 나머지는 지분 투자로 유치됐다....",네이버뉴스,https://www.tokenpost.kr/news/cryptocurrency/260301,2025-06-24 00:20:00+09:00,2025-06-24 00:31:24.415658
이란 핵시설 공습 후 뉴욕 증시 혼조세유가는 상승세 유지,"시장조사 업체 바이털 놀리지의 애덤 크리사풀리 애널리스트는 quot이란이 호르무즈 해협 봉쇄를 위협한 것은 사실이지만, 현재 투자자들은 석유 시장 붕괴에 대한 과도한 반응은 보이고 있지 않다quot며 quot이란과 그 연계...",네이버뉴스,https://www.cbci.co.kr/news/articleView.html?idxno=506564,2025-06-24 00:20:00+09:00,2025-06-24 00:31:24.415658
연준 보먼도quot7월 금리 인하 지지quot두번째 비둘기발언,이 기사는 국내 최대 해외 투자정보 플랫폼 한경 글로벌마켓에 게재된 기사입니다. 연방준비제도 이사회의 감독 담당 부의장인 미셸 보먼은 23일(현지시간) 7월에 금리를 인하하는 것을 지지할 수도 있다고 밝혔다. 보먼의...,네이버뉴스,https://n.news.naver.com/mnews/article/015/0005148542?sid=101,2025-06-24 00:20:00+09:00,2025-06-24 00:31:24.415658
시론 부동산시장 왜곡해 온 똘똘한 한 채 유도 정책,"강남 아파트에 투자하고 싶다는 것이었다. 20년 전에 매입한 충청권 아파트값은 2배가 안 됐는데, 강남... 한 가구가 두 채 이상의 주택을 보유하는 것은 투자 또는 투기라는 단순 논리가 초래한 비극적 상황이다. 단 한...",네이버뉴스,https://n.news.naver.com/mnews/article/025/0003450069?sid=110,2025-06-24 00:18:00+09:00,2025-06-24 00:31:24.415658
"아우토크립트, 24일 수요예측 진행...희망공모가주관사는?",아우토크립트는 2427일 기관투자자 대상 수요예측을 통해 공모가를 확정할 예정이다. 공모가 희망 범위 1만 87002만 2000원이며 공모금액 상단 기준 308억원이다. 상장주관사는 대신증권이다. 한편...,네이버뉴스,https://www.gukjenews.com/news/articleView.html?idxno=3306295,2025-06-24 00:16:00+09:00,2025-06-24 00:31:24.415658
"로봇산업용협동로봇 관련주, 덩실덩실 케이엔알시스템로보스타...","휴림로봇은 AI가 적용된 휴머노이드 산업에 적극적으로 투자하고 있으며, AI 자율제조 솔루션 개발을 위해... 이외에도 팹리스, 로보틱스 등 미래 신사업과 부동산 자산개발, 벤처 투자 등 투자 부문을 통해 포트폴리오...",네이버뉴스,http://www.finomy.com/news/articleView.html?idxno=231880,2025-06-24 00:16:00+09:00,2025-06-24 00:31:24.415658
오늘 금시세(금값) 추이는세 가지 거대한 파고는?,본 기사는 투자 권유 기사가 절대 아닙니다. 해당 내용은 견해에 불과할 수 있으니 투자에 참고로 하거나 자료로 반영하시지 않기 바랍니다. 모든 투자는 각자의 판단으로 선택해서 하는 것으로 최종적 책임은...,네이버뉴스,https://www.cbci.co.kr/news/articleView.html?idxno=506501,2025-06-24 00:16:00+09:00,2025-06-24 00:31:24.415658
"베다, 크로스체인 볼트 확산 가속 위해 250억 원 투자 유치TVL 33억 달...","탈중앙금융(DeFi) 프로토콜인 베다(Veda)가 크로스체인 수익 상품 구축을 지원하는 볼트(Vault) 플랫폼의 확산을 가속화하기 위해 1,800만 달러(약 250억 원)의 투자금을 유치했다. 이번 투자 라운드는 벤처캐피털...",네이버뉴스,https://www.tokenpost.kr/news/blockchain/260298,2025-06-24 00:16:00+09:00,2025-06-24 00:31:24.415658
"365억19억, 수준이 다르다 중국, 명장 대신 생존형 감독 찾는다",이는 과거의 과도한 투자와 실패에서 비롯된 결과이기도 하다. 중국은 한때 전폭적인 투자를 아끼지 않았다. 2010년대 중후반 마르첼로 리피 전 이탈리아 대표팀 감독에게 2300만 유로(365억 원)를 안겼다. 당시 세계 최고...,네이버뉴스,https://m.sports.naver.com/kfootball/article/109/0005335133,2025-06-24 00:11:00+09:00,2025-06-24 00:31:24.416656
"비트코인 BTC, 기술적 분기점 도달13만 3,000달러 또는 14만 7,000달러...",비트코인(BTC)이 최근 몇 주간 이어지던 가격 횡보 구간을 하향 이탈하면서 투자자들의 경계심이... 온체인 데이터는 장기 투자자에게 다소 안정적인 분위기를 보여준다. 최근 채굴자 포지션 지수(MPI)는 1 이하로...,네이버뉴스,https://www.tokenpost.kr/news/cryptocurrency/260296,2025-06-24 00:10:00+09:00,2025-06-24 00:31:24.416656
"사설 자고 나면 신고가에 벼락거지 공포, 주거 안정 손 놓았나",갭투자를 할 수 없는 토지거래허가구역인데도 다주택자 규제가 부른 똘똘한 한 채 선호는 더 강해지고 있다. 더구나 토허구역 밖으로 풍선 효과를 보고 있는 마포성동구는 물론 이젠 외곽인 노원도봉구 집값까지...,네이버뉴스,https://n.news.naver.com/mnews/article/469/0000872045?sid=110,2025-06-24 00:10:00+09:00,2025-06-24 00:31:24.416656
"아크인베스트, 서클 주식 매도 지속","블록체인 전문 매체인 코인데스크(Coindesk)는 아크인베스트먼트가 서클 상장 2주 만에 투자 비중을 줄이고 있다고 알렸다. 아크인베스트먼트는 서클 상장 첫 날 총 3억 7,300만 달러(한화 약 5,152억 원) 어치의 서클...",네이버뉴스,https://www.khgames.co.kr/news/articleView.html?idxno=241192,2025-06-24 00:10:00+09:00,2025-06-24 00:31:24.416656
사진 오사카 엑스포 한국관 방문객 100만 돌파,대한무역투자진흥공사(코트라)는 한국관 누적 방문객이 100만명을 돌파했다고 밝혔다. 한국관은 문화유산첨단기술 등을 영상으로 구현한 미디어파사드 등을 선보였다. 사진 코트라,네이버뉴스,https://n.news.naver.com/mnews/article/025/0003450064?sid=101,2025-06-24 00:10:00+09:00,2025-06-24 00:31:24.416656
"해운 관련주, 룰루랄라 콧노래 대한해운흥아해운STX그린로지스H...","STX그린로지스는 우드펠릿, 타피오카, 철제 등 벌크화물 등을 운송하는 해운사로 해운물류 부문의 투자 및 전략적 제휴를 통해 사업 역량을 확대하고 있다. 특히 지난해에는 자회사 STX해운을 통해 벌크화물 운송...",네이버뉴스,http://www.finomy.com/news/articleView.html?idxno=231877,2025-06-24 00:10:00+09:00,2025-06-24 00:31:24.421177
"의정칼럼 강원의 도약, 교통 인프라 확충의 시급성","지역균형발전이 핵심 국정과제로 떠오르고 광역교통 인프라에 대한 집중 투자가 이루어지고 있는 만큼, 강원도 역시 이러한 흐름을 놓치지 않아야 한다. 지역의 물류비용 절감, 관광 접근성 향상, 생활인구 증가 등...",네이버뉴스,https://n.news.naver.com/mnews/article/654/0000127758?sid=110,2025-06-24 00:09:00+09:00,2025-06-24 00:31:24.422191
강원랜드 ESG위원회 규정 개정,"0 등 장기적으로 투자 효율성을 높이기 위한 방향성을 구체화했다. 재무관리계획에는 제2카지노, 웰니스 복합리조트 조성 등 글로벌 경쟁력 강화를 위한 성장동력 확충과 폐광지역 경제활성화를 위한 신규 투자...",네이버뉴스,https://n.news.naver.com/mnews/article/654/0000127771?sid=101,2025-06-24 00:09:00+09:00,2025-06-24 00:31:24.422191
사설 호르무즈 봉쇄 위기비상체제로 유가환율물가 총력 대응할...,글로벌 투자은행 JP모건은 최악의 경우 유가가 배럴당 130달러를 넘어설 것으로 전망하고 있다. 중동 사태가 전면전으로 확대될 경우 모처럼 활기를 찾고 있는 우리 증시는 물론 추가경정예산 집행에 따른 경기 회복...,네이버뉴스,https://n.news.naver.com/mnews/article/011/0004500495?sid=110,2025-06-24 00:08:00+09:00,2025-06-24 00:31:24.422191
24일(화) 띠별 운세,투자나 재테크에 긍정적인 결과가 기대됩니다. 사랑하는 사람과의 관계에서는 배려와 이해가 필요한 하루입니다. 자신감을 갖고 움직이기에 좋은 날입니다. 자신의 능력을 믿고 과감하게 행동한다면 만족스러운 결과를...,네이버뉴스,http://www.technoa.co.kr/news/articleView.html?idxno=99381,2025-06-24 00:08:00+09:00,2025-06-24 00:31:24.422191
자정 뉴스브리핑 미 BTC 현물 ETF 거래량 1조 돌파출시 18개월만 外,"헤지펀드 출신 3인, BNB 투자 위해 1억 모금 추진 암호화폐 헤지펀드 임원들이 BNB 매집을 위해 1억 달러... 매체는 코럴 캐피털 홀딩스 임원 출신인 패트릭 호스먼, 조슈아 크루거, 조나단 파쉬가 이번 투자를...",네이버뉴스,https://www.tokenpost.kr/news/briefing/260295,2025-06-24 00:08:00+09:00,2025-06-24 00:31:24.423191
인터뷰 quot7대 미래산업 선도수도권 강원 도약변화 이미 시작quot,테스트베드 구축 및 인력양성 9개 사업에 2308억원을 투자하고 있다. 한국전자통신연구원과 하반기부터 AI... K연어 산업 생태계는 춘천강릉양양을 중심으로 8500억원이 투자된다. 전국 지자체 유일 대서양연어 양식...,네이버뉴스,https://n.news.naver.com/mnews/article/654/0000127743?sid=102,2025-06-24 00:08:00+09:00,2025-06-24 00:31:24.423191
"속초시, 접경지역 맞춤형 발전 종합계획 수립 착수","특히 북부생활권, 남부생활권, 도심권, 역세권, 설악권 등 속초시 주요 거점을 중심으로 한 권역별 맞춤형 개발 전략을 마련하고 단계별 투자계획을 수립해 국비 확보의 기반을 다질 예정이다. 또한 시는 이번 연구용역을...",네이버뉴스,https://n.news.naver.com/mnews/article/654/0000127701?sid=102,2025-06-24 00:07:00+09:00,2025-06-24 00:31:24.423191
리플 소송 2026년까지 지연?모건 변호사 quot가능성 낮아quot,"퍼지면서 투자자들의 관심이 집중되고 있다는 보도가 나왔다. 해외 코인매체 코인게이프에 따르면, XRP... 본 기사는 투자 권유 기사가 절대 아닙니다. 해당 내용은 견해에 불과할 수 있으니 투자에 참고로 하거나...",네이버뉴스,https://www.cbci.co.kr/news/articleView.html?idxno=506497,2025-06-24 00:06:00+09:00,2025-06-24 00:31:24.423191
이병훈의 마켓 나우 정부의 반도체 미션은 상생 생태계 만들기,"미국은 TSMC와 삼성의 투자 유치, 인텔과 마이크론에 대한 지원을 통해 차세대 반도체 제조 주도권을 노린다.... 수많은 국책과제, 인력양성사업, 투자펀드 조성 등 정부 지원에도 불구하고, 왜 우리는 든든한 소부장...",네이버뉴스,https://n.news.naver.com/mnews/article/025/0003450060?sid=110,2025-06-24 00:06:00+09:00,2025-06-24 00:31:24.423191
"비트코인, 이번 사이클 300 급등 가능성AVIV 비율 주목","AVIV 비율은 비트코인의 활성 자본금(움직이는 돈)을 총 투자 자본금(채굴자 보상을 제외한 실현 자본)과... AVIV 비율은 투자자 활동 대비 고정된 가치를 반영하며, 급등 시 거래 증가나 차익 실현이 발생해 주요...",네이버뉴스,https://www.digitaltoday.co.kr/news/articleView.html?idxno=572474,2025-06-24 00:06:00+09:00,2025-06-24 00:31:24.423191
오늘의 운세 2025년 06월 24일 화요일 (음력 05월 29일) 스포츠한국,67년생 손실이 따른다 해도 이것을 투자라 생각하십시요. 79년생 선물이나 용돈을 받을 거에요. 오늘 하루 기분 좋은 날이 되겠습니다. 91년생 눈앞에 보이는 이익에 급급하기만 합니다. 오랜 고난 끝에 보람을 찾게...,네이버뉴스,https://sports.hankooki.com/news/articleView.html?idxno=6901061,2025-06-24 00:06:00+09:00,2025-06-24 00:31:24.423191
동정 원강수 시장 외,원강수 시장은 24일 오후 2시 30분 시청 투자상담실에서 열리는 교통문화 발전 유공자 표창수여식에 참석한다. 조용기 시의장은 24일 오전 10시 본회의장에서 열리는 제258회 제1차 정례회 4차 본회의를 주관한다.,네이버뉴스,https://n.news.naver.com/mnews/article/654/0000127690?sid=102,2025-06-24 00:06:00+09:00,2025-06-24 00:31:24.423191
속보 이란 끝내 호르무즈 봉쇄... 뉴욕증시 비트코인 금값 quot국제유가...,"특히, 전문가들은 국제유가 측면에서 투자자가 협상 분위기 이란산 원유 생산량 추이 호르무즈... 파월 의장의 발언이 시장이 미치는 영향이 큰 만큼 투자자가 관심을 기울여야 할 이벤트다. 이외에도...",네이버뉴스,http://www.g-enews.com/ko-kr/news/article/news_all/202506132122578901906806b77b_1/article.html,2025-06-24 00:06:00+09:00,2025-06-24 00:31:24.423191
농촌사람산업 아우른 살맛 나는 균형발전 도시,"2025년 지방소멸대응기금 투자계획 평가에서는 도내 유일하게 우수지역에 올라 국비 160억원을 확보했고... 약 14만 부지에 오는 2028년까지 총사업비 250억원을 투자하며, 인근 관광객 68만명 유입을 목표로 브랜드 구축...",네이버뉴스,https://n.news.naver.com/mnews/article/654/0000127673?sid=102,2025-06-24 00:05:00+09:00,2025-06-24 00:31:24.423191
TSMC 유치 만큼이나 중요한 건 청년인구,소니는 JASM(TSMC의 일본 현지법인)에 직접 투자하기도 했다고 밝혔다. 이어 10년 전 구마모토에 큰 피해를 입힌 대지진이 있었지만 당시 구마모토를 떠난 기업은 단 한 곳도 없었다. 복구해야할 것이 많았지만...,네이버뉴스,https://n.news.naver.com/mnews/article/087/0001125057?sid=100,2025-06-24 00:05:00+09:00,2025-06-24 00:31:24.423191
오늘의 운세 별자리별 운세6월 24일,"투자를 해야 한다면 분산 투자를 해야 하고, 물건을 구매할 때에는 꼼꼼하게 가격을 비교해 보고 사도록 하세요. 행운의 시간 오후 12시 행운의 물건 사진 행운의 장소 레스토랑 행운의 색상 베이지 4. 별자리별...",네이버뉴스,https://www.ajunews.com/view/20250623075248490,2025-06-24 00:04:00+09:00,2025-06-24 00:31:24.424188
정말 호르무즈 봉쇄되나 숨죽인 국내 산업계,국제투자은행 JP모건은 호르무즈해협이 차단될 경우 유가가 배럴당 최대 130달러까지 치솟을 수 있다고... 대한무역투자진흥공사(코트라)에 따르면 이란과 이스라엘 무력 충돌 이후 중동발 원유운반선(VLCC) 운임은 20 이상...,네이버뉴스,https://n.news.naver.com/mnews/article/005/0001785092?sid=101,2025-06-24 00:04:00+09:00,2025-06-24 00:31:24.424188
"미국, 이란 핵시설 타격비트코인(BTC) 단기 충격 후 탄력적 회복","전 세계적인 지정학 이슈가 암호화폐 가격에 어떤 영향을 주는지 분석하는 것은 거래자, 투자자, 혹은 막 암호화폐 세계에 입문한 이들에게 모두 중요한 과제다. 특히 이번 사례처럼 전쟁이라는 극단적 변수조차...",네이버뉴스,https://www.tokenpost.kr/news/cryptocurrency/260294,2025-06-24 00:04:00+09:00,2025-06-24 00:31:24.424188
"자정 시세브리핑 암호화폐 시장 상승세 비트코인 10만1815달러, 이더...",비트코인의 점유율이 소폭 하락하여 일부 투자 자금이 알트코인으로 넘어간 것으로 분석된다. 디파이 및 스테이블코인 시장 동향 디파이 시장은 다소 하락세를 보였다. 디파이 시가총액 794.84억 달러 디파이...,네이버뉴스,https://www.tokenpost.kr/news/briefing/260293,2025-06-24 00:04:00+09:00,2025-06-24 00:31:24.424188
양배추밭에 도쿄돔보다 큰 TSMC 공장일본 반도체 부활 상징 구마모토,"2021년 TSMC가 일본 구마모토 투자계획을 발표하고 소니, 덴소, 토요타 등 굴지의 기업들과 합작회사 JASM를... TSMC의 투자 유치 이후 소재, 장비 등 관련 기업 62곳을 추가로 유치했다. 향후 10년 간 경제효과만 106조5...",네이버뉴스,https://n.news.naver.com/mnews/article/087/0001125048?sid=100,2025-06-24 00:03:00+09:00,2025-06-24 00:31:24.424188
"상장 한 달 달바글로벌, 급성장 속 국내외 리스크는 여전",이는 전체 유통주식의 60에 해당하는 물량으로 FI(재무적 투자자)들이 대규모 차익 실현에 나설 경우 단기 주가 변동성이 커질 수 있다. 실제로 지난 2019년 달바글로벌에 투자한 우리벤처파트너스가 주식 19만주를 장내...,네이버뉴스,https://n.news.naver.com/mnews/article/629/0000400994?sid=101,2025-06-24 00:02:00+09:00,2025-06-24 00:31:24.424188
"비트코인 도미넌스, 2021년 이후 최고치...알트코인은 동면","이는 2021년 2월 이후 최고치로, 비트코인에 대한 장기적인 투자 신뢰가 강화되고 있음을 시사한다. 암호화폐 분석가 렉트 캐피털(Rekt Capital)은 비트코인 도미넌스가 71까지 상승할 수 있다고 예측했다. 이는 지난...",네이버뉴스,http://coinreaders.com/168195,2025-06-24 00:02:00+09:00,2025-06-24 00:31:24.424188
6월24일 오늘의 운세띠별별자리 총정리,"60년생, 가정의 화목이 좋은 운을 끌어당기니 시간과 정성을 투자하라. 72년생, 정확한 의사표현이 습관이... 80년생, 가정의 화목을 위해 시간과 정성을 투자하면 복이 쌓인다. 92년생, 가는 곳마다 환영받고 식사를...",네이버뉴스,http://www.namdonews.com/news/articleView.html?idxno=824130,2025-06-24 00:02:00+09:00,2025-06-24 00:31:24.424188
"울산 지자체, 국가보훈자단체 예우 앞다퉈","울산시는 재정을 고려해 단기간에 대규모 투자는 어렵다는 기존의 입장을 유지하고 있다. 남진석 광복회 울산지부장은 quot인근 밀양, 양산에도 있는 독립운동 기념공간이 광역시인 울산에는 없다quot며 quot독립운동가들의...",네이버뉴스,https://www.ksilbo.co.kr/news/articleView.html?idxno=1030258,2025-06-24 00:02:00+09:00,2025-06-24 00:31:24.424188
"경상시론기후위기 시대, 장마를 대하는 도시의 자세","반복되는 장마 피해를 줄이기 위해서는 피해 이후의 복구보다, 피해 발생을 사전에 막을 수 있는 예방에 더욱 과감히 투자해야 한다. 장마는 피할 수 없지만, 피해는 줄일 수 있다. 기후위기가 일상이 된 지금, 반복되는 침수...",네이버뉴스,https://www.ksilbo.co.kr/news/articleView.html?idxno=1030188,2025-06-24 00:02:00+09:00,2025-06-24 00:31:24.425307
사설울산시 32조원 투자유치민관 협력의 새 지평 열다,"대규모 투자 유치라는 괄목할 만한 성과를 달성했다. 공공과 민간의 벽을 허물고 도시 경쟁력을 끌어올리는... 규모의 투자 유치 성과를 달성했다고 발표했다. 이는 월평균 9000억원에 달하는 규모로, 울산 역사상 최대...",네이버뉴스,https://www.ksilbo.co.kr/news/articleView.html?idxno=1030221,2025-06-24 00:02:00+09:00,2025-06-24 00:31:24.425307
오늘의 운세띠별(6월24일),"55년생 경영자는 새로운 투자를 고려하게 된다. 꼼꼼히 살펴라. 67년생 감언이설로 접근해오는 사람이... 재정적으로는 예상치 못한 수입이 생길 가능성이 있지만, 기술 관련 투자는 신중히 검토하세요. 건강은 발목과...",네이버뉴스,http://www.kjdaily.com/article.php?aid=1750690801658499227,2025-06-24 00:02:00+09:00,2025-06-24 00:31:24.425307
기고굴뚝 없는 첨단 산업도시,이같은 장점과 강점에 힘입어 우리시는 최근 SK와 아마존 웹서비스가 공동으로 7조원을 투자하는 100MW 규모의 AI 데이터센터 유치에 성공했다. 여기에 그치는 것이 아니라 앞으로 1GW급 데이터센터 유치와 아시아태평양...,네이버뉴스,https://www.ksilbo.co.kr/news/articleView.html?idxno=1030187,2025-06-24 00:02:00+09:00,2025-06-24 00:31:24.425307
오늘의 운세 띠별 운세 6월24일,"67년생 손실이 따른다 해도 이것을 투자라 생각하십시오. 오늘 마주하는 비용이나 리스크는 경험치... 오늘은 무리한 투자를 하거나, 검증되지 않은 소문에 휩쓸리는 행동은 피해야 합니다. 모임이나 약속이 많을수록...",네이버뉴스,https://www.bntnews.co.kr/article/view/bnt202506230089,2025-06-24 00:02:00+09:00,2025-06-24 00:31:24.425307
"경상일보 필진 윤동열 교수, 책 워크노믹스 고용과 함께 하는 성장 발...","그런 점에서 고용은 기업에게 단순히 비용이 아니라 미래에 대한 투자이기도 하다. 일자리와 함께, 대한민국은 다시 성장할 수 있다. 실용적 시장주의를 내걸고 민관이 원팀으로 현 경제 위기를 극복하고 지속가능한...",네이버뉴스,https://www.ksilbo.co.kr/news/articleView.html?idxno=1030200,2025-06-24 00:02:00+09:00,2025-06-24 00:31:24.425307
"quot민선8기 혁신적 기업친화정책, 32조 투자유치 이끌어quot","김동수기자 dskimksilbo.co.krquot투자와 이윤 추구는 기업의 몫이며, 행정의 역할은 기업이 잘 성장할 수 있도록... 대규모 투자 유치까지 다양한 분야에서 실질적인 성과를 거두고 있다. 김두겸 울산시장은 23일 시청...",네이버뉴스,https://www.ksilbo.co.kr/news/articleView.html?idxno=1030266,2025-06-24 00:02:00+09:00,2025-06-24 00:31:24.425307
띠별 오늘의 운세 재물운 및 금전운(6월24일),조언 투자보다 저축에 중점을 두세요. 작은 절약이 큰 이익으로 이어질 것입니다. 행운의 색 은색 행운의... 특히 비즈니스나 투자와 관련된 이득이 기대됩니다. 조언 장기적인 수익 대비를 위한 계획을 세우세요. 행운의...,네이버뉴스,https://www.cbci.co.kr/news/articleView.html?idxno=506459,2025-06-24 00:02:00+09:00,2025-06-24 00:31:24.425307
"이재명 시대quot이재명 대통령, 인도네시아 프라보워 대통령과 통화특...","해외 투자가 이루어질 정도로 깊은 인연을 맺어온 점을 강조하며 양국의 관계를 매우 중요하게 여긴다고... 양국 정상은 무역투자, 디지털녹색 전환에 기반한 첨단 미래산업, 국방방산 등 다양한 분야에서 전략적...",네이버뉴스,https://www.cbci.co.kr/news/articleView.html?idxno=506551,2025-06-24 00:02:00+09:00,2025-06-24 00:31:24.425307
6월24일 운세(띠별),금전운 새로운 투자보다는 현재 상황을 유지하는 것이 좋습니다. 연애운 솔로라면 느긋한 태도가 매력을... 금전운 계획했던 투자에서 좋은 결과를 얻을 수 있습니다. 연애운 연인과의 신뢰를 높이기 위한 시간이...,네이버뉴스,https://www.cbci.co.kr/news/articleView.html?idxno=506460,2025-06-24 00:02:00+09:00,2025-06-24 00:31:24.425307
오늘의 운세2025년 6월24일,81년생 운이 저조할 땐 쉬는 것도 투자다. 93년생 아직 바라는 상대가 나타나지 않는다. 개 띠 34년생 멀리서 먹구름이 몰려오는 형국. 46년생 신경성 질환 소화불량 조심할 것. 58년생 절망은 금물 희망을 가져라....,네이버뉴스,https://n.news.naver.com/mnews/article/087/0001125029?sid=102,2025-06-24 00:01:00+09:00,2025-06-24 00:31:24.425307
"다이어트 끝낸 유통업계, 복합쇼핑몰 앞세워 지방상권 공략",향후 경기 회복으로 소비 심리가 반등할 것으로 기대하는 선제적 투자로도 풀이된다. 최근 지방 공략에 가장 적극적인 곳은 현대백화점이다. 현대백화점은 27일 체험형 복합문화공간 커넥트현대 청주 개점을 앞두고...,네이버뉴스,https://n.news.naver.com/mnews/article/025/0003450049?sid=101,2025-06-24 00:01:00+09:00,2025-06-24 00:31:24.425307
"집값 진단 더 정밀하게서울시, 부동산 모니터링 대폭 강화","아파트 실주소 확보해 갭투자주담대 분석 서울시가 부동산 시장 과열에 대응해 부동산 시장 모니터링 체계... 아울러 센터는 주택담보대출(주담대) 비중, 갭투자 비율 등 구체적인 거래 양상까지 파악하기 위해 서울...",네이버뉴스,https://n.news.naver.com/mnews/article/629/0000400979?sid=102,2025-06-24 00:01:00+09:00,2025-06-24 00:31:24.425307
관세에 환경 규제 리스크지형 급변 속 식어가는 K철강,"전문가들은 전기 요금 감면, 연구개발(RampD) 투자 지원 등 기업의 숨통이 트일 수 있는 대책이 필요하다고... 손영욱 철강산업연구원 대표는 US스틸을 인수한 일본제철의 미국 시설투자 규모가 110억 달러(약...",네이버뉴스,https://n.news.naver.com/mnews/article/025/0003450055?sid=101,2025-06-24 00:01:00+09:00,2025-06-24 00:31:24.425307
오늘의 운세 6월 24일,77년생 투자와 구매는 신중할 것. 89년생 선택이나 결정할 일이 생길 수. 01년생 모난 돌이 정을 맞는 법이다. 말 재물 지출 건강 보통 사랑 만남 길방 北 42년생 몸에서 보내는 신호를 잘 감지. 54년생 과로하지...,네이버뉴스,https://n.news.naver.com/mnews/article/025/0003450056?sid=103,2025-06-24 00:01:00+09:00,2025-06-24 00:31:24.425307
"무역로 차단 땐 경제 마비 온다, 해상 공급망 확보 총력",2018년 7월 출범한 해진공은 해운기업의 선박 도입과 항만물류센터 투자 등에 대한 금융 지원을 주관하고... 해진공은 해양 바이오에너지자원개발레저관광 등 신(新) 해양산업 투자까지 지원하는 종합 해양...,네이버뉴스,https://n.news.naver.com/mnews/article/025/0003450046?sid=101,2025-06-24 00:01:00+09:00,2025-06-24 00:31:24.425307
Todays PICK 새 정부서 힘받는 네이버시총도 어느새 빅5 등극,"개인투자자들의 순매수에 힘입어 삼천피(코스피 3000)를 사수했다. 이날 코스피는 전장보다 0.24 내린 3014.47에, 코스닥 지수는 0.85 내린 784.79에 거래를 마쳤다. 유가증권시장에서 개인투자자는 1조3773억원을...",네이버뉴스,https://n.news.naver.com/mnews/article/025/0003450057?sid=101,2025-06-24 00:01:00+09:00,2025-06-24 00:31:24.426314
"베트남, 생산기지 넘어 신소비시장으로 주목",정준규 코트라 호치민무역관장은 최근 대한무역투자진흥공사(KOTRA)가 개최한 통상환경 변화에 따른... 같은 해 외국인직접투자(FDI) 유치도 380억 달러에 달해 생산기지로서의 매력은 여전하다는 평가다. 16개의...,네이버뉴스,https://www.junggi.co.kr/article/articleView.html?no=34129,2025-06-24 00:00:00+09:00,2025-06-24 00:31:24.426314
여성을 향한 까르띠에의 메시지가 이렇게 진심인 이유,어떤 투자도 받지 않고 순수하게 성장한 것이라 더욱 뜻깊다. 2011년 펠로우로 선정된 이후에도... 배당금을 챙겨야 할 투자자나 주식 보유자가 없기에 가능한 구조다. 나와 남편 엘비스는 우리 돈을 세상을 더 낫게...,네이버뉴스,https://www.elle.co.kr/article/1883480,2025-06-24 00:00:00+09:00,2025-06-24 00:31:24.426314
오늘의 운세 6월 24일 ( 음 5월 29일 )(오늘의 띠별 운세) (생년월일 운...,"81년생새로운 기획, 투자, 매매 모두 길. 69년생본인 능력 밖의 일을 욕심내면 실패. 57년생앞에서 웃는다고 뒤에서도 웃는건 아니다. 45년생실물 늦으면 못 찾는다, 동남쪽에서 찾아라. lt개띠(戌)gt94년생관재구설...",네이버뉴스,https://www.yeongnam.com/web/view.php?key=20250606001017375,2025-06-24 00:00:00+09:00,2025-06-24 00:31:24.426314
AI가 예측한 띠별 오늘의 운세 6월 24일,"소액 투자에 긍정적입니다. 소띠 종합운 무리한 확장보다는 기존 계획을 점검하고 보완하는 데 집중하는... 계약, 투자 등에도 긍정적인 흐름입니다. 뱀띠 종합운 내면의 안정이 우선입니다. 외부 자극보다는 자기 정리에...",네이버뉴스,https://www.vegannews.co.kr/news/article.html?no=163280,2025-06-24 00:00:00+09:00,2025-06-24 00:31:24.426314
"이더리움(ETH), 기술적 붕괴 속 하락 심화1,500달러 지지 테스트 우려","결국 ETH가 다시 상승 흐름으로 전환하기 위해선 200일 이동평균선 회복과 강한 매수 거래량 동반이 필수적이다. 반면, 하락세가 이어진다면 투자 심리는 더욱 보수적으로 전환될 가능성이 높다.",네이버뉴스,https://www.tokenpost.kr/news/cryptocurrency/260292,2025-06-24 00:00:00+09:00,2025-06-24 00:31:24.426314
오늘의 운세 2025년 06월 24일 띠별 운세,"1958년생, 그동안 투자가 효과를 거두기 시작한다. 1970년생, 예상치 않던 사업제안이 들어온다. 1982년생, 잘 풀리지 않던 일들이 서서히 풀린다. 1994년생, 직장에서 승진하거나 칭찬을 듣는다. 2006년생, 숨긴다고...",네이버뉴스,https://n.news.naver.com/mnews/article/052/0002209758?sid=004,2025-06-24 00:00:00+09:00,2025-06-24 00:31:24.426314
중동 긴장 고조 금시세 상승지정학 리스크 속 안전자산 선호,"중동 지역의 불안정한 정세가 지속되면서 안전자산에 대한 투자 심리가 강화되고 있는 가운데, 금값이 소폭 상승세를 보였다. 특히 이란과 이스라엘 간 충돌 가능성에 대한 우려가 커지며 투자자들의 시선이 금...",네이버뉴스,https://www.thefairnews.co.kr/news/articleView.html?idxno=50048,2025-06-24 00:00:00+09:00,2025-06-24 00:31:24.426314
조형래 칼럼 기업인 장관을 가로막는 장벽들,국내 주식 투자자 수가 1410만명에 이르고 서울의 웬만한 아파트 가격이 20억원을 넘어선 상황에서... 당시 제안을 받았던 스타급 벤처기업인은 투자자들은 회사를 운영하는 기업인을 믿고 큰돈을 맡기는 것이라며...,네이버뉴스,https://n.news.naver.com/mnews/article/023/0003912757?sid=110,2025-06-24 00:00:00+09:00,2025-06-24 00:31:24.426314
"남궁역 의원, 서남 2단계 집단에너지시설 건립의 공공성 및 안정성 확보","남궁 시의원은 컨소시엄 방식은 시가 재정 투자를 하지 않고 발전공기업이 주도하지만, SPC 방식은 에너지공사가 공동지분 투자를 하므로 의사결정권을 어느 정도 가질 수 있다고 설명했다. 그는 공공성 확보와...",네이버뉴스,https://www.dailyt.co.kr/newsView/dlt202506230020,2025-06-24 00:00:00+09:00,2025-06-24 00:31:24.426314
야간 국채선물 소폭 반등美 금리 반락 연동,"투자자별로는 외국인이 7계약 순매수했고, 개인이 19계약 순매도했다. 금융투자는 12계약 순매수했다. 총 180계약가량 거래됐다. 3년 국채선물은 주간 종가 대비 3틱 상승한 107.07을 나타냈다. 외국인은 9계약...",네이버뉴스,https://news.einfomax.co.kr/news/articleView.html?idxno=4361590,2025-06-23 23:58:00+09:00,2025-06-24 00:31:24.426314
광화문뷰 좌파 철학자는 어떻게 450조 기업 총수가 됐나,1억을 투자했다면 1년 6개월도 안 돼 8억이 된 셈이니 사람들이 흥분할 수밖에. 하지만 그 이상으로 흥미로운 대목이 있다. 미국 실리콘밸리의 설계자 격인 피터 틸과 팔란티어를 공동 창업했고 현재 CEO인 앨릭스 카프(58)...,네이버뉴스,https://n.news.naver.com/mnews/article/023/0003912756?sid=110,2025-06-23 23:58:00+09:00,2025-06-24 00:31:24.426314
기자의 시각 새벽 인력시장에서 본 절망,하면 투자금(면허값)은 회수할 수 있으니 일단 도전해본다고 했다. 가게를 접고 택시 기사로 새출발한... 갭 투자에 나섰다가 고(高)금리 장기화와 부동산 침체 등 경기 악화의 직격탄을 맞은 것이다. 경제성장률 0대...,네이버뉴스,https://n.news.naver.com/mnews/article/023/0003912754?sid=110,2025-06-23 23:57:00+09:00,2025-06-24 00:31:24.427317
"NH투자증권, 공모주 간편투자 서비스 일육공 론칭 이벤트",NH투자증권(대표이사 윤병운)은 공모주 간편투자 서비스 브랜드 일육공(160)과의 제휴를 기념해 고객에게 특별한 혜택을 제공하는 론칭 이벤트를 진행한다고 23일 밝혔다. 이번 이벤트는 9월 30일까지 일육공을...,네이버뉴스,https://www.webeconomy.co.kr/news/article.html?no=1234692,2025-06-23 23:56:00+09:00,2025-06-24 00:31:24.427317
민생회복지원금 스테이블 코인이나 CBDC로 사용하게 될까?,자산 투자 등을 거론했다. 한국은행 디지털화폐 연구개발 현황 이재명 정부의 디지털화폐 정책 의지... 지난 21년 11월 14일 당시 이재명 대선후보는 부동산 개발이익 가상자산 공유에 대해 투자한 국민에게 정부가...,네이버뉴스,http://www.paxetv.com/news/articleView.html?idxno=236725,2025-06-23 23:56:00+09:00,2025-06-24 00:31:24.427317
"부산해양강국범시민추진협의회 출범, 시민 주도 해양수도 시대 개막",성장) 동남투자은행 설립을 통한 해양금융 기반 구축(지역 산업과 해양경제의 자금 허브를 마련하고 중앙 집중적 금융 구조를 극복) 등 6가지 주요 과제를 추진할 계획이다. 이지후 상임의장은 quot부산은 동북아...,네이버뉴스,https://www.getnews.co.kr/news/articleView.html?idxno=827691,2025-06-23 23:52:00+09:00,2025-06-24 00:31:24.427317
"미래에셋, TIGER 토탈월드스탁액티브 ETF 기자간담회","분산 투자하는 ETF다. ETF 비교지수는 FTSE Global All Cap Index로, 이는 선진국과 신흥국 48개국, 약 10,000개 이상의 글로벌 주식으로 구성돼 전 세계 투자 가능한 유니버스의 약 98를 커버하는 가장...",네이버뉴스,https://www.webeconomy.co.kr/news/article.html?no=1234691,2025-06-23 23:52:00+09:00,2025-06-24 00:31:24.427317
기고 세계 車기업의 철수설은 오해 한국은 전략 거점,일본의 한 전문가는 이를 유목민형 투자라 표현한 바 있다. 수요지와 생산 기지가 다양화하며 혁신... 재투자 기반 마련이라는 해석이 가능하다. 게다가 생산과 고용엔 영향이 없다고 밝힌 점도 주목할 필요가 있다....,네이버뉴스,https://n.news.naver.com/mnews/article/023/0003912749?sid=110,2025-06-23 23:51:00+09:00,2025-06-24 00:31:24.427317
안병구 밀양시장 농산물 유통 상생 체계 구축농가소득 증대 추진,"및 투자 환경 개선 방안을 중점 논의했다. 이번 회의는 기업의 요구와 지역 경제 발전을 동시에 반영할 수... 또한 지역 내 개발 중인 산업단지 현황과 함께 새로운 투자지원과 정주 여건 개선 지원, 외국인 근로자...",네이버뉴스,https://www.kukinews.com/article/view/kuk202506230253,2025-06-23 23:50:00+09:00,2025-06-24 00:31:24.427317
"XRP, 주요 지지선 붕괴비트코인 페어까지 약세 심화","수 주간 제한된 범위에서 횡보하던 XRP는 최근 하락 전환과 함께 시장 투자자들의 경계심을 자극했고, 기술적 측면에서도 하락 압력이 강화되고 있다는 분석이 나온다. 먼저 XRP테더(USDT) 차트를 보면, 가격은 연중...",네이버뉴스,https://www.tokenpost.kr/news/cryptocurrency/260290,2025-06-23 23:50:00+09:00,2025-06-24 00:31:24.427317
"롯데건설, 1100억원 수요예측에 0건 주문...기관에 완전 외면당해",기관 투자자들의 외면을 받으며 전량 미매각되는 사태를 맞았다. 프로젝트파이낸싱(PF) 우발채무 부담과 신용등급 하락 등 복합적 요인이 겹치며 자금 조달에 빨간불이 켜진 모양새다. 23일 금융투자업계에 따르면...,네이버뉴스,https://www.joongangenews.com/news/articleView.html?idxno=428590,2025-06-23 23:50:00+09:00,2025-06-24 00:31:24.427317
"XRP, 중동 긴장 속 2달러 방어기술적 반등 신호 주목","현재로서는 2달러선에서 가격이 안정세를 보이고 있으며, 투자자들은 이 지지선 수성에 주력하고 있다.... 따라서 단기 투자자는 정확한 진입 시점과 손절 전략을 함께 고려해야 할 필요가 있다. 현재 시점에서 XRP는...",네이버뉴스,https://www.tokenpost.kr/news/cryptocurrency/260286,2025-06-23 23:40:00+09:00,2025-06-24 00:31:24.427317
스텔란티스 CEO 전격 교체첫날부터 세대교체 대수술,이 같은 실적 부진 속에서 스텔란티스 주가는 올해 들어 30 가까이 빠지며 투자심리 역시 악화되고 있다. 필로사가 조직을 세대교체 수준으로 재편함으로써 실적 반등의 발판을 마련할 수 있을지 시장의 관심이...,네이버뉴스,https://www.tokenpost.kr/news/economy/260285,2025-06-23 23:38:00+09:00,2025-06-24 00:31:24.428318
"quot헤지펀드, 지난주 5년 만에 최고 레버리지quot","이 기사는 국내 최대 해외 투자정보 플랫폼 한경 글로벌마켓에 게재된 기사입니다. 골드만삭스 데이터에... 올해 들어 전 세계 주식 투자 수익률은 4 이상 상승했으며, 유럽의 수익률은 10를 넘어섰다. 전 세계 주식의...",네이버뉴스,https://n.news.naver.com/mnews/article/015/0005148539?sid=101,2025-06-23 23:38:00+09:00,2025-06-24 00:31:24.428318
"quot빚더미폐업 속 숨통 조여quot중소기업소상공인, 최저임금 동결 촉구","곽인학 한국금속패널공업협동조합 이사장은 quot최저임금 인상은 모든 중소기업에 인건비 압박으로 작용하며, RampD 등 미래 투자를 어렵게 한다quot고 지적했다. 민대홍 한국점토벽돌산업협동조합 이사장은 quot최저임금 인상으로...",네이버뉴스,http://www.jeonmin.co.kr/news/articleView.html?idxno=420272,2025-06-23 23:38:00+09:00,2025-06-24 00:31:24.428318
"미래에셋증권, 총상금 1억원 선물옵션 실전투자대회 개최","미래에셋증권이 총상금 1억원의 선물옵션 실전투자대회를 개최한다고 23일 밝혔다. 7월 1일부터 연말까지 진행되며, 국내해외 선물옵션 계좌를 보유한 개인고객은 누구나 참여할 수 있다. 이번 대회는...",네이버뉴스,https://www.webeconomy.co.kr/news/article.html?no=1234688,2025-06-23 23:36:00+09:00,2025-06-24 00:31:24.428318
"인천시, 친환경 버스 운행 시스템 도입","이번 사업은 에너지 서비스 기업(ESCO) 방식으로 추진됐으며, 설루션 제공업체가 모든 인프라와 시스템 구축 비용을 선투자하고, 이후 절감된 연료비의 일부를 사업비로 회수하는 구조로 운영돼 시의 재정적 부담 없이...",네이버뉴스,https://www.kmaeil.com/news/articleView.html?idxno=510350,2025-06-23 23:36:00+09:00,2025-06-24 00:31:24.428318
"디파이 투자 덫, 허니팟 스캠 급증매도불가 토큰 주의보",실제로는 투자자가 매수한 자산을 절대 매도하지 못하도록 봉쇄하는 구조로 설계돼 있다. 허니팟 스캠은 스마트 계약(Smart contract)의 복잡성과 익명성을 악용해 투자자를 유인한다. 대부분 이더리움(ETH)이나 BNB...,네이버뉴스,https://www.tokenpost.kr/news/cryptocurrency/260284,2025-06-23 23:32:00+09:00,2025-06-24 00:31:24.428318
"미국 뉴욕증시, 중동 긴장 속 나스닥 상승 출발테슬라 급등엔비디아...","특히, 나스닥지수는 테슬라의 급등세에 힘입어 오름세를 이어가며, 주요 기술주 중심으로 투자자들의... 이러한 흐름 속에서 서학개미들의 투자심리에도 일부 변화가 감지되고 있다. 6월 19일 기준 한국예탁결제원...",네이버뉴스,https://www.topstarnews.net/news/articleView.html?idxno=15706559,2025-06-23 23:32:00+09:00,2025-06-24 00:31:24.428318
"이더리움 고래, 전쟁 위기 속에도 1억 달러 베팅...패닉장 정면돌파","지정학적 불확실성이 커지는 가운데, 이더리움(Ethereum, ETH)에 거액을 베팅한 고래 투자자들의 행보가... 이더리움 투자자들은 관망세에 있다고 분석했다. 바이낸스 리서치는 지정학적 이슈에 따른 하락은...",네이버뉴스,http://coinreaders.com/168190,2025-06-23 23:30:00+09:00,2025-06-24 00:31:24.428318
"마이클 세일러 quot블랙록 비트코인 ETF, 올해 세계 최대 ETF 될 것quot","이번 발언은 비트코인 ETF에 대한 기관 투자자들의 관심이 급증하는 가운데 나왔다. 앞서 블랙록은 미국 증권거래위원회(SEC)로부터 비트코인 현물 ETF 승인을 받아 시장에 진입했으며, 현재 운용 자산 규모를...",네이버뉴스,https://www.tokenpost.kr/news/breaking/260282,2025-06-23 23:22:00+09:00,2025-06-24 00:31:24.428318
신한 베스트 크레딧 단기펀드 수탁고 1조 돌파,"신용채권에 투자해 안정적인 성과를 추구한다. 신용등급 A이상 우량 신용 채권과 기업어음(CP) 단기물... 관련해 김경일 WM연금채널본부장은 quot크레딧 채권의 투자 매력은 여전히 유효하며, 단기채권 중심의 전략은 시장...",네이버뉴스,http://www.newsbrite.net/news/articleView.html?idxno=191234,2025-06-23 23:22:00+09:00,2025-06-24 00:31:24.428318
"카난, 美 시험 생산 성공AI 접고 비트코인(BTC) 채굴 집중 선언","카난은 미국 현지 생산의 비용 부담이 상대적으로 크다는 점은 인정하면서도, 이번 생산 설비 투자에 대해 단순한 관세 회피가 아닌 장기적으로 회사를 지속 가능하게 만들기 위한 전략적 투자라고 강조했다. 북미...",네이버뉴스,https://www.tokenpost.kr/news/cryptocurrency/260281,2025-06-23 23:20:00+09:00,2025-06-24 00:31:24.428318
"비트코인(BTC), 10만 달러 박스권...전문가 quot폭발 전 고요한 축적기quot","위험 회피 심리 속에서 투자자들이 비트코인으로 몰리는 디지털 금 성격이 다시 부각된 것이다. 이러한 흐름은 장기 보유자들의 매도 억제와도 맞닿아있다. 크립토퀀트에 따르면, 장기 보유 코인의 이동을...",네이버뉴스,https://www.tokenpost.kr/news/cryptocurrency/260280,2025-06-23 23:20:00+09:00,2025-06-24 00:31:24.429316
"송재희, 영화감독 데뷔 임박아내 지소연, 제작자로",송재희는 과거 일본 영화를 찍으며 인연이 됐던 일본 투자자의 감독 제의를 받았다고 밝히며 아내 지소연이 영화 제작자로 함께한다고 덧붙여 놀라움을 더했다. 한편 SBS 동상이몽2는 다양한 분야의 커플들이 알콩달콩...,네이버뉴스,https://m.entertain.naver.com/article/421/0008328189,2025-06-23 23:20:00+09:00,2025-06-24 00:31:24.429316
유가상승 주춤에 저점 매수로 美 증시 상승 전환,이 기사는 국내 최대 해외 투자정보 플랫폼 한경 글로벌마켓에 게재된 기사입니다. 미국의 이란 공격 직후... 한편 테슬라는 투자자들이 오래 기다려온 로보택시를 하루 전 텍사스 오스틴에서 10대로 초대한...,네이버뉴스,https://n.news.naver.com/mnews/article/015/0005148538?sid=101,2025-06-23 23:19:00+09:00,2025-06-24 00:31:24.429316
"광주시, 4807억 추경 편성65가 지방채 논란","강기정 광주시장은 미래투자와 현안의 차질 없는 추진을 위해서는 지방채 발행을 통한 재원 확보가... 강 시장은 미래에 대한 투자는 멈출 수 없고 복지, 인프라 구축 등 필수 현안 사업의 차질 없는 추진을 위해...",네이버뉴스,http://www.kwangju.co.kr/article.php?aid=1750685400785721277,2025-06-23 23:18:00+09:00,2025-06-24 00:31:24.429316
"전북도, 특별법 특례사업 실행 속도3조6천억 규모 사업 추진","향후에는 부동산 간접투자, 국제회의 산업, 신재생에너지 발전지구, 수상레저, 정보통신 창업 등 신산업 분야로의 확대도 예상된다. 전북도는 특례 실행과 연계한 사업 확장을 통해 국가재정 확보 및 산업기반 강화를...",네이버뉴스,https://www.onews.tv/news/articleView.html?idxno=249019,2025-06-23 23:18:00+09:00,2025-06-24 00:31:24.429316
9년 만에 달리는 테슬라 사이버캡... 시범 운행 시작,"시범 운행은 로보택시 10여 대로 이뤄지며 사전에 초청된 인플루언서 및 일부 투자자들에 한해 서비스가 제공된다. 탑승 요금은 정액 4.20달러(약 5,800원)로 책정된 것으로 전해진다. 시범운행인 만큼 웨이모와 같이 완전...",네이버뉴스,https://www.greened.kr/news/articleView.html?idxno=327951,2025-06-23 23:17:00+09:00,2025-06-24 00:31:24.429316
"건설 생산성 하락 구조 개선 필요, 호주 사례가 던지는 경고","디지털 기술이나 사전제작 방식의 도입도 다른 산업에 비해 더디게 진행되고 있으며, 혁신 투자에 대한 보상 체계도 부족한 것으로 분석됐다. 규제 측면에서는 주지방정부 간 역할 중복, 국가건축규정(NCC)의 잦은...",네이버뉴스,https://www.greened.kr/news/articleView.html?idxno=327947,2025-06-23 23:17:00+09:00,2025-06-24 00:31:24.429316
"뉴욕증시, 중동 전면전 우려에도 혼조 출발이란 보복 가능성 주시","시장조사업체 바이털 놀리지의 애덤 크리사풀리 애널리스트는 quot이란이 호르무즈 해협 봉쇄를 위협해온 것은 사실이지만, 현재 투자자들은 석유 시장 붕괴 가능성에 대해 과도하게 반응하고 있지 않다quot며 quot이란과 그...",네이버뉴스,https://n.news.naver.com/mnews/article/001/0015465572?sid=101,2025-06-23 23:16:00+09:00,2025-06-24 00:31:24.429316
"민선 8기 3년 기회를 사회적 가치로, 도민들 품으로",기회소득 정책은 복지로 분류되기보다 사회적 투자로 평가받는다. 시장이 보상하지 않는 활동을... 2040년까지 민간자본 유치 등 총 213조 5천억 원 투자를 통해 대한민국 경제성장률을 연평균 0.31p 끌어올리겠다는...,네이버뉴스,https://www.m-economynews.com/news/article.html?no=56126,2025-06-23 23:16:00+09:00,2025-06-24 00:31:24.429316
2036 전주올림픽 유치 범도민 추진위 출범quot도민 염원 담았다quot,"유치 전략은 기존 경기장과 임시시설을 100 활용함으로써 사회간접자본(SOC) 투자 부담을 최소화하고, 새만금국제공항과 KTX 접근성, 민간 숙박과 체류형 시스템을 연계한 실행계획도 포함돼 있다. 환경경제문화가...",네이버뉴스,https://www.onews.tv/news/articleView.html?idxno=249018,2025-06-23 23:14:00+09:00,2025-06-24 00:31:24.429316
서경호의 시시각각 과제 중심형 대통령이 성공하려면,주 52시간제를 주 48시간으로 줄이는 4.5일제 도입은 이미 경제협력개발기구(OECD) 최하위권인 한국의 노동생산성을 더 떨어뜨릴 것으로 재계는 우려한다. 고용부는 또 기업들이 원하는 퇴직 후 재고용이라는 표현 대신...,네이버뉴스,https://n.news.naver.com/mnews/article/025/0003450078?sid=110,2025-06-24 00:28:00+09:00,2025-06-24 00:31:24.595315
"하나은행, 중기소상공인에 11조 긴급 금융 지원",이 은행장은 이번 중동 사태로 금융외환시장의 불확실성이 증대됐다면서 우리 중소기업과 소상공인들이 안정적으로 경제 활동을 영위할 수 있도록 모든 역량을 총동원하겠다고 말했다. 다른 금융사들도...,네이버뉴스,https://n.news.naver.com/mnews/article/005/0001785101?sid=101,2025-06-24 00:27:00+09:00,2025-06-24 00:31:24.595315
"이재명 대통령도 이시바도 나토 안 간다중동 위기, 전략적 불참 ...",그러나 일각에서는 오히려 이번 결정이 급박한 중동 정세와 한반도 안보경제 이슈를 직접 관리하려는... 우리 경제에 끼칠 파장과 향후 동북아 정세에 미칠 영향 등을 대통령이 직접 챙겨야 한다고 판단한 것 같다고...,네이버뉴스,https://n.news.naver.com/mnews/article/022/0004045929?sid=100,2025-06-24 00:27:00+09:00,2025-06-24 00:31:24.595315
美무역협상 3인방 경쟁 붙었나quot한 목소리 못내 상대국에 혼선quot,"그리어 대표가 거의 모든 협상에 참여하는 가운데 백악관은 USTR에 경제 규모가 작아 우선순위가 떨어지는 국가들에 더 집중하라고 지시했다. 상무부와 재무부는 유럽연합(EU), 일본, 중국 등 교역규모가 큰 국가들을...",네이버뉴스,https://n.news.naver.com/mnews/article/001/0015465586?sid=104,2025-06-24 00:26:00+09:00,2025-06-24 00:31:24.595315
"KB국민은행.무보, 4천6백억원 규모 수출입기업 금융지원 협약","이환주 KB국민은행장은 최근 중동 정세 불안, 미국의 상호 관세 조치 등으로 어려움을 겪고 있는 수출입기업의 지속가능한 성장을 도모하고, 우리 경제의 수출 기반 확대 및 경제 선순환에 기여할 수 있도록 최고의...",네이버뉴스,https://www.webeconomy.co.kr/news/article.html?no=1234696,2025-06-24 00:22:00+09:00,2025-06-24 00:31:24.595315
이란 핵시설 공습 후 뉴욕 증시 혼조세유가는 상승세 유지,"시장 분석업체 야덴니리서치의 에드 야덴니 대표는 quot미국의 관세 정책과 중동 전쟁이라는 이중 악재 속에서도, 미국 경제는 과거의 도전들을 견뎌내며 회복력을 보여줬다quot며, quot이번 일장에서도 그 강인한 흐름이...",네이버뉴스,https://www.cbci.co.kr/news/articleView.html?idxno=506564,2025-06-24 00:20:00+09:00,2025-06-24 00:31:24.595315
연준 보먼도quot7월 금리 인하 지지quot두번째 비둘기발언,"그럼에도 트럼프 행정부의 관세 확대 조치는 아직 경제 지표에 반영되지 않았으며, 노동 시장과 물가... 그녀는 quot무역 및 관세 협상이 지속적으로 진전되면서 경제 환경이 확실히 덜 위험해졌다quot고 덧붙였다. 보먼은...",네이버뉴스,https://n.news.naver.com/mnews/article/015/0005148542?sid=101,2025-06-24 00:20:00+09:00,2025-06-24 00:31:24.595315
이란 호르무즈 해협 봉쇄? quot미국의 이것 때문에 안 통해quot,WSJ는 quot이란의 핵 시설에 폭격을 결정할 당시 도널드 트럼프 대통령의 머릿속에 무엇이 떠올랐든 간에 미국의 에너지 생산량의 엄청난 증가는 경제적 계산을 더 쉽게 만들었다quot고 설명했다. 다만 전문가들은 셰일가스...,네이버뉴스,https://n.news.naver.com/mnews/article/421/0008328194?sid=104,2025-06-24 00:20:00+09:00,2025-06-24 00:31:24.595315
강남규의 글로벌 머니 트럼프의 거친 입이 Fed 지배구조 위기를 부른...,지난해 말까지는 케빈 해셋 전 백악관 경제자문위원회(CEA) 의장이 1순위로 꼽혔다. 하지만 해셋은 트럼프 취임 직후 국가경제위원장에 지명됐다. 그 바람에 케빈 워시 전 Fed 이사가 유력 후보로 떠올랐다. 워시는...,네이버뉴스,https://n.news.naver.com/mnews/article/025/0003450070?sid=110,2025-06-24 00:20:00+09:00,2025-06-24 00:31:24.595315
시론 부동산시장 왜곡해 온 똘똘한 한 채 유도 정책,"고용정보원에 따르면 지난 10년간 증가한 일자리 중 절반인 150만 개가 수도권 신도시에서 만들어졌는데, 주택공급이 지역경제에 주는 영향을 잘 보여준다. 주택시장이 죽으면 일자리도 사라지는 것이다. 그렇다면 1가구...",네이버뉴스,https://n.news.naver.com/mnews/article/025/0003450069?sid=110,2025-06-24 00:18:00+09:00,2025-06-24 00:31:24.595315
"속보 서울양양고속도로 인제양양터널 승용차 정면충돌...심정지 1명, ...",내외경제TV송영훈 기자 23일 밤 10시 20분쯤 강원도 인제군 기린면 서울양양고속도로 양양방향 인제양양터널에서 아우디 승용차와 그렌져 승용차가 정면 충돌하는 사고가 났다. 이 사고로 그렌져 운전자 A씨가 심정지...,네이버뉴스,https://www.nbntv.co.kr/news/articleView.html?idxno=4003358,2025-06-24 00:18:00+09:00,2025-06-24 00:31:24.595315
오늘 금시세(금값) 추이는세 가지 거대한 파고는?,"금은 이처럼 불안정한 거시경제 환경 속에서 안전자산으로서의 위상을 공고히 하며, 앞으로도 상당한 변동성을 수반하는 강세 기조를 유지할 공산이 크다.법정화폐의 가치가 하락하거나 인플레이션이 심화될 때...",네이버뉴스,https://www.cbci.co.kr/news/articleView.html?idxno=506501,2025-06-24 00:16:00+09:00,2025-06-24 00:31:24.595315
"석탄공사, 폐업 앞두고 마지막 임협 타결2.4조 부채 해결 과제 남겨",그는 이어 환경오염 개선을 위한 종합 복구대책을 차질 없이 수행하고 정부가 추진 중인 경제진흥사업 예비타당성조사 사업도 제때 통과되도록 지원하겠다고 덧붙였다.,네이버뉴스,https://n.news.naver.com/mnews/article/018/0006047200?sid=101,2025-06-24 00:15:00+09:00,2025-06-24 00:31:24.595315
학동참사 4년현대산업개발 사회적 책임 뒷걸음,대내외적인 불안정한 경제 상황의 장기화로 인해 원자재 가격과 인건비 등 공사비 인상 요인이 지속적으로 발생하고 있다는 이유에서다. 대법원 판례를 근거로 quot시공사만의 일방적인 손해 감수는 불가능하다quot는 주장을...,네이버뉴스,http://www.gjdream.com/news/articleView.html?idxno=658666,2025-06-24 00:14:00+09:00,2025-06-24 00:31:24.595315
"부안군의회, 의원 7명 군정질문 진행","이번 군정질문에 참여한 의원들은 행정, 경제, 복지, 환경, 농업, 문화관광 등 주요 현안에 대한 해결책을 모색하고 더 나은 부안으로의 발전을 위한 질문과 논의가 이뤄졌다. 김형대 의원은 부안청자박물관 운영 활성화...",네이버뉴스,http://www.newstnt.com/news/articleView.html?idxno=502813,2025-06-24 00:12:00+09:00,2025-06-24 00:31:24.595315
비트버니 퀴즈 6월 24일 정답은,2025년 6월 24일 비트버니 퀴즈 문제는 경제적 불확실성과 같은 이유로 직장인들이 이직이나 퇴사를 하기보단 현재 직장에 오래 다니기를 선택하는 현상을 00000라고 해요이다. 힌트는 ㄷㅈㄹㅅㄷ이다. 비트버니 퀴즈...,네이버뉴스,http://www.namdonews.com/news/articleView.html?idxno=824231,2025-06-24 00:12:00+09:00,2025-06-24 00:31:24.595315
정부 바뀔 때마다 우여곡절가슴 졸인 강원 안도의 한숨,양양군 관계자는 quot오색케이블카 공사 재개는 지역경제 회복과 직결된 결정quot이라며 quot도민 염원이 반영된 결과인 만큼 속도감 있게 사업을 이어가겠다quot고 했다. 심예섭 기자 공사 정부 오색케이블카 추진 우여곡절,네이버뉴스,https://n.news.naver.com/mnews/article/654/0000127793?sid=100,2025-06-24 00:10:00+09:00,2025-06-24 00:31:24.595315
춘천 뷰티 브랜드 라운드랩 세계가 주목,"춘천의 뷰티 기업들은 글로벌 시장에서 눈부신 성과를 거두며, 지역 경제의 든든한 성장 동력으로 자리 잡은 셈이다. 춘천에 본사를 둔 서린컴퍼니(대표 이영학정서린)의 클린뷰티 브랜드 라운드랩의 대표제품...",네이버뉴스,https://n.news.naver.com/mnews/article/654/0000127786?sid=101,2025-06-24 00:10:00+09:00,2025-06-24 00:31:24.595315
사설 전문성상징성파격실용 부합하는 첫 장관 인사,"노동권 강화라는 확실한 정책 방향을 보여준 인사이나, 경제계 우려도 귀담아 들어야 할 것이다. 국내 대표적... 다만 집값 상승, 내수 부진 등도 시급한 과제인 만큼 경제부총리를 비롯한 후속 인선에도 속도를 내야 한다....",네이버뉴스,https://n.news.naver.com/mnews/article/469/0000872046?sid=110,2025-06-24 00:10:00+09:00,2025-06-24 00:31:24.596314
"美이란 갈등 격화에글로벌 해운업계, 호르무즈해협 우회 움직임",23일(이하 현지시간) 경제전문 매체 CNBC에 따르면 세계 최대 해운 선주단체인 발틱국제해운동맹(BIMCO)의 야콥 라르센 보안책임자는 모든 선주들이 해당 지역의 상황이 어떻게 전개되는지 면밀히 주시하고 있고 보안 상황...,네이버뉴스,https://n.news.naver.com/mnews/article/293/0000068949?sid=101,2025-06-24 00:10:00+09:00,2025-06-24 00:31:24.596314
사설 이 대통령의 나토 회의 불참...한미 정상회담 서둘러야,"대통령실은 중동리스크로 인한 유가 급등, 환율 상승 상황에서 경제 대응 지휘자가 자리를 비우는 건 큰... 안보 및 경제 현안과 관련해 한미 정상이 협의할 기회를 갖는 건 동맹을 포함한 한미관계 전반의 안정화를 위해...",네이버뉴스,https://n.news.naver.com/mnews/article/469/0000872047?sid=110,2025-06-24 00:10:00+09:00,2025-06-24 00:31:24.596314
"37억원 SON 한국서 새 유니폼 입었는데 배신이라니quot토트넘, 손흥민...",적절한 제안을 받아들이면 위약금쯤은 문제되지 않는다quot고 경제 논리를 내세웠다. 실제로 손흥민은 오일머니가 올여름 달려들 영입 타깃 중 최대어로 불린다. 손흥민의 사우디아라비아행 루머는 영국 매체 더 선부터...,네이버뉴스,https://m.sports.naver.com/wfootball/article/477/0000556437,2025-06-24 00:10:00+09:00,2025-06-24 00:31:24.596314
안정 속 능력 중심 현안 해결 정조준사실상 재선 포석,"이같은 상황에서 7월 인사는 기존 조직의 안정성을 유지하면서도 국방경제수소바이오 등 핵심 전략... 이종구 건설교통국장과 이동희 해양수산국장, 강원경제자유구역청 총괄본부장으로 이동하는 이미숙 정책기획관이...",네이버뉴스,https://n.news.naver.com/mnews/article/654/0000127792?sid=100,2025-06-24 00:10:00+09:00,2025-06-24 00:31:24.596314
"의정칼럼 강원의 도약, 교통 인프라 확충의 시급성","도로망은 단순한 통행 수단을 넘어 지역 경제의 혈관이자 주민 생활의 기반이다. 교통 인프라가 부족하면... 지역경제에 직접적인 영향을 미친다. 또한 물류비가 높은 강원도 특성상, 중소기업의 유치나 산업단지의...",네이버뉴스,https://n.news.naver.com/mnews/article/654/0000127758?sid=110,2025-06-24 00:09:00+09:00,2025-06-24 00:31:24.596314
춘천속초 철도 지역자재 활용 촉구,춘천속초 철도건설사업은 총사업비 2조4000억여원에 달하는 대규모 철도 기반시설 사업으로 도내 생산 자재제품이 쓰일 경우 도 내 제조업체의 경쟁력 강화와 지역경제 활성화가 기대된다 고광만 회장은 quot지역 기업들이...,네이버뉴스,https://n.news.naver.com/mnews/article/654/0000127770?sid=101,2025-06-24 00:09:00+09:00,2025-06-24 00:31:24.596314
강원랜드 ESG위원회 규정 개정,"재무관리계획에는 제2카지노, 웰니스 복합리조트 조성 등 글로벌 경쟁력 강화를 위한 성장동력 확충과 폐광지역 경제활성화를 위한 신규 투자 방향에 초점을 맞췄으며, 앞으로 5년 간 강원랜드의 재무관리와 관련된...",네이버뉴스,https://n.news.naver.com/mnews/article/654/0000127771?sid=101,2025-06-24 00:09:00+09:00,2025-06-24 00:31:24.596314
quot강원랜드 글로벌 복합 리조트 도약 다짐quot,최 직무대행은 또 quot폐광지역 경제 활성화라는 태생적 목적을 항상 새기고 지역 상생이 하나의 조직문화로 자리 잡을 수 있도록 지역과의 동반성장을 항상 견지해 달라quot고 주문했다. 유주현 기자 joohyunkado.net 강원랜드...,네이버뉴스,https://n.news.naver.com/mnews/article/654/0000127766?sid=102,2025-06-24 00:09:00+09:00,2025-06-24 00:31:24.596314
국방 안규백통일 정동영외교 조현11개 부처 장관직 인선,이어 quot중동 분쟁 등 국제 정세가 긴박하게 흐르고 있으며 우리 경제에 미치는 영향이 심각해지고 있다quot며 quot청문 절차가 빠르게 진행돼 당면 위기에 내각이 신속히 대응할 수 있기를 바란다quot는 이 대통령의 언급을 함께...,네이버뉴스,https://n.news.naver.com/mnews/article/654/0000127775?sid=100,2025-06-24 00:09:00+09:00,2025-06-24 00:31:24.596314
명경대 단잠,그렇게 중요한 것이 잠인데도 한국인의 평균 수면 시간은 OECD(경제협력개발기구) 국가 평균에 크게 못 미친다. 대한수면연구학회에서 발표한 2024년 한국인의 수면 실태 보고서에 따르면 우리 국민의 평균 수면 시간은...,네이버뉴스,https://n.news.naver.com/mnews/article/654/0000127760?sid=110,2025-06-24 00:09:00+09:00,2025-06-24 00:31:24.596314
인제군 원조 농자재 반값 지원 강원 넘어 전국 확산,지난 5월 통계청에서 발표한 2024년 농가경제 조사 결과에서 강원도 농가소득이 5300만원으로 전국 3위를... 지역경제 활성화를 이끌어내겠다quot고 말했다. 시행 3년차에 접어든 강원도 반값농자재 지원 사업이 조례로...,네이버뉴스,https://n.news.naver.com/mnews/article/654/0000127774?sid=102,2025-06-24 00:09:00+09:00,2025-06-24 00:31:24.596314
기고 둘째의 서러움,"그러나 학원 수강은 한사코 오빠보다 적게 하려고 해서 이유를 물어보니 부모의 경제적 부담을 덜어주려는 것이라고 그럴듯하게 둘러댄다. 가족의 휴가 계획도 오빠의 바쁜 일정을 먼저 고려하고, 생일 선물이나 용돈도...",네이버뉴스,https://n.news.naver.com/mnews/article/654/0000127752?sid=110,2025-06-24 00:08:00+09:00,2025-06-24 00:31:24.596314
양구 DMZ생태관광협도산악연맹 관광객 유치 나선다,"양 단체는 양구의 자연경관과 산악자원을 활용해 산악인과 관광객 유치, 지역경제 활성화를 목표로 하고 있으며, 봉화산 일출과 운해, 한반도 섬 등 주요 명소 중심 생태관광 콘텐츠를 확대할 계획이다. 협약에 따라 오는...",네이버뉴스,https://n.news.naver.com/mnews/article/654/0000127741?sid=102,2025-06-24 00:08:00+09:00,2025-06-24 00:31:24.596314
사설 호르무즈 봉쇄 위기비상체제로 유가환율물가 총력 대응할...,무엇보다 유가와 금융 시장의 변동성이 실물경제로 전이되지 않도록 해야 한다. 경기 위축 속에 고물가고환율고금리의 3고(高) 악재가 덮치면 장기 침체의 늪으로 빠질 수 있다. 정부는 대통령실과 거시경제금...,네이버뉴스,https://n.news.naver.com/mnews/article/011/0004500495?sid=110,2025-06-24 00:08:00+09:00,2025-06-24 00:31:24.596314
인터뷰 quot7대 미래산업 선도수도권 강원 도약변화 이미 시작quot,"지난해 지역내총생산(GRDP) 62조 돌파, 도 경제성장률(2.7) 전국 평균(1.4)의 2배다. 앞으로도 도민들의... 2000억원 규모 경제적 편익이 발생할 전망이다. 고성, 양구, 철원도 추가 준비 중이다. 이제 남은 것은 도민 체감인데...",네이버뉴스,https://n.news.naver.com/mnews/article/654/0000127743?sid=102,2025-06-24 00:08:00+09:00,2025-06-24 00:31:24.596314
"완료 시승기 도심형 스타일, 실용성 돋보이는 0.7톤 전기밴..센트로...","정숙한 승차감이 강점인데다, 연비효율성 등 경제성도 뛰어나 자영업자들에게는 그야말로 안성맞춤이기 때문이다. 센트로에이케이(Centro AK)가 선보인 0.7톤급 화물차 ECV1는 중국 산시빅토리그룹과의...",네이버뉴스,https://www.dailycar.co.kr/content/news.html?type=view&autoId=57757,2025-06-24 00:08:00+09:00,2025-06-24 00:31:24.596314
정선 공영버스 내달부터 전국민 무료 이용,"지역 경제와 정주 여건 개선을 함께 이루어 나가겠다quot고 말했다. 한편, 버스 완전공영제가 시행된 이후... 지역경제 효과 56억원 창출, 사회경제적 편익 101억원 효과 등을 가져 온 것으로 분석되고 있다. 유주현 기자...",네이버뉴스,https://n.news.naver.com/mnews/article/654/0000127710?sid=102,2025-06-24 00:07:00+09:00,2025-06-24 00:31:24.596314
"속초시, 접경지역 맞춤형 발전 종합계획 수립 착수","이에 더해 지역 내 정주 여건 개선과 경제 활성화, 관광자원 특화, 남북관계 대비 인프라 확충 등을 총망라하는 계획을 수립할 방침이다. 특히 북부생활권, 남부생활권, 도심권, 역세권, 설악권 등 속초시 주요 거점을...",네이버뉴스,https://n.news.naver.com/mnews/article/654/0000127701?sid=102,2025-06-24 00:07:00+09:00,2025-06-24 00:31:24.596314
평창군 주민참여예산 제안사업 공모,"오는 7월 18일까지 진행되는 공모에는 군내에 주소를 두고 있는 주민은 누구나 참여할 수 있고 제안 분야는 교통, 환경, 안전 등 생활편의 증진 사업을 비롯 지역경제, 복지, 문화, 교육 등 군정 전분야이다. 군은 접수된...",네이버뉴스,https://n.news.naver.com/mnews/article/654/0000127717?sid=102,2025-06-24 00:07:00+09:00,2025-06-24 00:31:24.596314
속보 이란 끝내 호르무즈 봉쇄... 뉴욕증시 비트코인 금값 quot국제유가...,"파월 의장은 이번 의회 증언을 통해 미국 경제와 통화정책 운용 현황을 공식적으로 설명하고, 대내외... 이외에도 굵직한 경제지표가 꽤 있다 23일에는 6월 스탠더드앤드푸어스(SampP)가 발표하는 미국 제조업...",네이버뉴스,http://www.g-enews.com/ko-kr/news/article/news_all/202506132122578901906806b77b_1/article.html,2025-06-24 00:06:00+09:00,2025-06-24 00:31:24.596314
의회중계석 강릉시의회 quot바다부채길 유료화 따른 상권침체 대책 필요...,"김홍수 의원은 quot바다부채길이 65세 이상으로 유료화되면서 관람객 감소로 지역경제가 침체될 우려가 있어 상권을 연계해 경제활성화가 될 수 있는 묘안이 강구돼야 한다quot고 당부했다. 홍정완 의원은 quot시민, 관광객 대상...",네이버뉴스,https://n.news.naver.com/mnews/article/654/0000127680?sid=102,2025-06-24 00:06:00+09:00,2025-06-24 00:31:24.596314
"사설 李 내각 기업인 중용, 실용적 시장주의 정부 실천하라",기획재정부산업통상자원부 등 경제 부처와 법무부 장관 등 남은 내각 인선 때는 정파를 떠나 보다 더... 대한민국이 경제안보 복합위기를 극복하고 재도약하려면 공약 거품을 걷어내고 신성장 동력을 발굴하기 위한...,네이버뉴스,https://n.news.naver.com/mnews/article/011/0004500494?sid=110,2025-06-24 00:06:00+09:00,2025-06-24 00:31:24.596314
홍천군민 철도 유치염원 담아 함께 달린다,김은기 홍천육상연맹 회장은 quot용문홍천 철도 예타 발표가 임박한 시점에서 열리는 이번 대회가 군민의 간절한 바람을 하나로 모으는 계기가 되길 바란다quot며 quot어려운 경제 여건 속에서 주민과 소상공인들에게 새로운...,네이버뉴스,https://n.news.naver.com/mnews/article/654/0000127696?sid=102,2025-06-24 00:06:00+09:00,2025-06-24 00:31:24.596314
원주시 지역축제 바가지요금 근절 본격 추진,총괄반(경제진흥과)은 지역축제 개최에 앞서 판매품목의 가격을 관리하고 가격 공시 여부를 확인한다. 이를 위해 입점 업체는 지역축제 개최에 앞서 물가안정관리 계획서를 원주시에 제출토록 했다. 지도관리반(관광과...,네이버뉴스,https://n.news.naver.com/mnews/article/654/0000127682?sid=102,2025-06-24 00:06:00+09:00,2025-06-24 00:31:24.596314
예상과 달랐다총리 인준 前 장관 인선 먼저,이는 중동사태 등에 따라 경제안보가 더욱 중요해진 상황에서 이재명 정부 초대 내각 인선을 하루빨리 마무리하겠다는 대통령 의지가 반영된 것으로 보인다. 강훈식 대통령 비서실장은 23일 오후 용산 대통령실에서...,네이버뉴스,https://n.news.naver.com/mnews/article/119/0002971142?sid=100,2025-06-24 00:05:00+09:00,2025-06-24 00:31:24.596314
강원 경제계 SOC 등 지역 대형공사에 강원 기업 자재 적극 활용해야,강원지역 경제계가 지역 제조업체의 경쟁력 강화와 지역경제 활성화를 위해 SOC를 비롯한 강원자치도 내 대형공사에 지역 기업 자재와 제품의 우선적인 활용을 요청하고 나섰다. 춘천상공회의소(회장 고광만)는 23일...,네이버뉴스,https://n.news.naver.com/mnews/article/087/0001125056?sid=101,2025-06-24 00:05:00+09:00,2025-06-24 00:31:24.596314
美 이란 공격에 발끈한 중국이란산 석유 수입 타격 우려,"중동 긴장을 고조시키고 있다는 건데, 이란산 석유 대부분을 수입하는 중국이 경제안보에 미칠 타격을... quotquot 중국이 반발하는 이유는 중동의 지정학적 안정이 중국의 경제안보와 연결돼 있기 때문이란 분석입니다. 로이터...",네이버뉴스,https://n.news.naver.com/mnews/article/422/0000752534?sid=104,2025-06-24 00:05:00+09:00,2025-06-24 00:31:24.596314
농촌사람산업 아우른 살맛 나는 균형발전 도시,"생활인구는 모이고 경제활력은 더하고 민선 8기 횡성군은 생활인구 증대를 위해 체류형 관광 활성화에... 마을경제 활성화, 방문환경 개선 등 7개 단위 사업을 추진한다. 지역 특색을 살려 철기 히스토리움, 철기 주거...",네이버뉴스,https://n.news.naver.com/mnews/article/654/0000127673?sid=102,2025-06-24 00:05:00+09:00,2025-06-24 00:31:24.596314
"공감 칼럼(문장들) I quot포르도는 끝장났다quot 트럼프, 뭘 원하나 김준일의...","우리를 때리면 미국도 맞을 수 있다는 걸 보여줘야 우리에 대한 경제 제재도 풀고 문제 해결을 할 수 있다고 보게 될 가능성이 높죠. 역사학자들이나 이런 분들이 얘기하는 게, 사실은 인류는 항상 전쟁을 벌여왔고 최근...",네이버뉴스,https://news.cpbc.co.kr/article/1164996?division=NAVER,2025-06-24 00:04:00+09:00,2025-06-24 00:31:24.596314
정말 호르무즈 봉쇄되나 숨죽인 국내 산업계,김영한 성균관대 국제경제학과 교수는 기업들이 해상보험을 활용해 해협 봉쇄에 따른 타격을 어떻게 보상받을 수 있을지 분석할 필요가 있다고 말했다. 다만 호르무즈해협 봉쇄가 미국과 이란 모두에 큰 경제적...,네이버뉴스,https://n.news.naver.com/mnews/article/005/0001785092?sid=101,2025-06-24 00:04:00+09:00,2025-06-24 00:31:24.596314
노정태의 타임머신 나폴레옹의 러시아 원정,"히틀러가 러시아에서, 소련이 아프가니스탄에서, 미국이 베트남에서 되풀이한 실패의 방정식이다. 지난 21일 미국이 이란의 핵시설을 폭격했다. 앞으로의 역사는 어떻게 전개될까. 노정태 작가경제사회연구원 전문위원",네이버뉴스,https://n.news.naver.com/mnews/article/025/0003450059?sid=110,2025-06-24 00:04:00+09:00,2025-06-24 00:31:24.596314
오늘의 운세 별자리별 운세6월 24일,아주경제이건희 기자 topkeontop12ajunews.com 1. 별자리별 오늘의 운세 물병자리 (1월 20일2월 18일) 스스로에... 경제적으로는 좋은 운이 들어와 있습니다. 특히 돈이 될만한 일을 열심히 하도록 하세요. 당신이 공을...,네이버뉴스,https://www.ajunews.com/view/20250623075248490,2025-06-24 00:04:00+09:00,2025-06-24 00:31:24.596314
"사설삼척 동굴자연생태관, 전국적 관광 명소 되자면","현재의 동굴은 관람과 더불어 지역 경제와 연결된 다양한 부가가치를 창출할 수 있는 자원이다. 지역 내 숙박, 식음료, 기념품 판매 등 여러 산업과 연계해 경제적인 파급 효과를 극대화할 수 있는 기반을 마련해야 한다....",네이버뉴스,https://n.news.naver.com/mnews/article/087/0001125050?sid=110,2025-06-24 00:03:00+09:00,2025-06-24 00:31:24.596314
"원주 출신 윤창렬, 이재명 정부 초대 국무조정실장 임명 강원인사 ...",강원 출신 국무조정실장이 나온건 2017년 춘천 출신 홍남기 전 경제부총리 겸 기재부 장관 이후 8년만이다. 홍 전 부총리 역시 문재인 정부의 초대 국무조정실장이었다. 신임 윤 국무조정실장은 앞으로 국무총리를...,네이버뉴스,https://n.news.naver.com/mnews/article/087/0001125049?sid=100,2025-06-24 00:03:00+09:00,2025-06-24 00:31:24.597311
"사설 전기가 국가 경쟁력 시대, 이념 개입 안 돼","송배전망 설치를 위한 주민 설득은 시급한 일이지만, 그렇다고 원전 등에 비해 경제성 효율성이 현저히 떨어지는 태양광풍력으로 문제를 해결할 수도 없다. 우리는 이념에 경도된 잘못된 에너지 정책이 어떻게 나라에...",네이버뉴스,https://n.news.naver.com/mnews/article/023/0003912759?sid=110,2025-06-24 00:03:00+09:00,2025-06-24 00:31:24.597311
양배추밭에 도쿄돔보다 큰 TSMC 공장일본 반도체 부활 상징 구마모토,"향후 10년 간 경제효과만 106조5,700억원에 달할 것이라는 전망이 나온다. 연말 공장 가동 직후 대만인 직원 400명이 구마모토에 상주하고 이들의 가족들도 속속 입국하고 관광객도 눈에 띄게 늘었다는 것이 현청측의...",네이버뉴스,https://n.news.naver.com/mnews/article/087/0001125048?sid=100,2025-06-24 00:03:00+09:00,2025-06-24 00:31:24.597311
강원자치도 국장급 프로필전길탁 강원연구원 연구위원,"전길탁(58) 강원연구원 연구위원은 강릉 출신으로 강릉고와 관동대를 졸업. 2023세계산림엑스포조직위 사무처장, 경제국장, 행정국장, 재난안전실장 등을 역임.",네이버뉴스,https://n.news.naver.com/mnews/article/087/0001125044?sid=102,2025-06-24 00:02:00+09:00,2025-06-24 00:31:24.597311
중동발 유가상승울산 제조업서민경제 우려,"이란의 호르무즈 해협 봉쇄 움직임에 국제유가가 빠르게 반응하면서, 고물가에 허덕이던 국내 산업과 소비현장에 또 다른 충격이 예상된다. 울산을 포함한 제조업 도시들은 기름값 인상에 따른 원가 압박이...",네이버뉴스,https://www.ksilbo.co.kr/news/articleView.html?idxno=1030246,2025-06-24 00:02:00+09:00,2025-06-24 00:31:24.597311
윤 정부 송미령보수 출신 권오을 성과실력으로 판단,송 장관은 이화여대 정치외교학과를 졸업하고 한국농촌경제연구원에서 농업농촌 정책 방향을 연구해오다 2023년 12월 윤석열정부의 두 번째 농식품부 장관으로 임명됐다. 123 비상계엄 당일 국무회의에 참석했지만...,네이버뉴스,https://n.news.naver.com/mnews/article/005/0001785090?sid=100,2025-06-24 00:02:00+09:00,2025-06-24 00:31:24.597311
울주군철도공단 역사 사용 소송전 비화,"23일 울주군의회 제239회 제1차 정례회 경제건설위원회의 도시과에 대한 행정사무감사에서 한성환 울주군의원이 동해남부선 덕하망양역과 울산신항인입철도 용암역에 대해 질의한 결과, 해당 역사 건물들이 미준공...",네이버뉴스,https://www.ksilbo.co.kr/news/articleView.html?idxno=1030265,2025-06-24 00:02:00+09:00,2025-06-24 00:31:24.597311
"UNIST 연구팀, 햇빛수소 전환...인공나뭇잎 개발",효율성과 경제성이 뛰어난 기술이지만 아직까지 상용화가 가능한 수준의 효율을 달성하지 못하고 있었다. 상용화가 되려면 태양광 수소 전환 효율(Solar to Hydrogen EfficiencySTH)이 10 이상이어야 하는데 개별 단위가...,네이버뉴스,https://www.ksilbo.co.kr/news/articleView.html?idxno=1030250,2025-06-24 00:02:00+09:00,2025-06-24 00:31:24.597311
6월24일 오늘의 운세띠별별자리 총정리,"생계활동, 경제활동, 직업활동, 재물과 관련된 일들에 이익을 가져다주는 길한 시기입니다. 특이사항 24일25일 이동, 여행운이 있습니다. 행운의 팁 자일리톨껌 게자리 양력6월22일7월 22일(하지, 소서) I PROTECT...",네이버뉴스,http://www.namdonews.com/news/articleView.html?idxno=824130,2025-06-24 00:02:00+09:00,2025-06-24 00:31:24.597311
포토 베일벗은 올데이 프로젝트 멤버 타잔,아주경제유대길 기자 dbeorlf123ajunews.com 혼성 5인 그룹 올데이 프로젝트(ALLDAY PROJECT) 멤버 타잔이 23일 오후 서울 강남구 일상비일상의틈byU에서 열린 데뷔 싱글앨범 페이머스(FAMOUS) 발매 기념...,네이버뉴스,https://www.ajunews.com/view/20250623225919324,2025-06-24 00:02:00+09:00,2025-06-24 00:31:24.597311
한국남동발전 정부경영평가 A등급 달성 외,원 경제 유발효과로 새로운 시장을 선도하겠다고 다짐했다. 국내 최초 신규 스마트그린 국가시범산업단지 에너지자립화 사업자 지위 확보 한국남동발전(사장 강기윤)은 최근 국토교통부 추진의 대구 율하...,네이버뉴스,https://ilyo.co.kr/?ac=article_view&entry_id=494752,2025-06-24 00:02:00+09:00,2025-06-24 00:31:24.597311
quot지역사랑상품권 구매 한도 대폭 상향지역 경제 활성화 기대quot,"2025.6.22 침체된 지역 경제를 활성화하기 위해 지역사랑상품권의 구매 한도가 대폭 상향 조정됐다. 23일... 정부는 상품권 구매 한도가 높아지고 발행 규모가 확대된 만큼, 지역 경제에 긍정적인 영향을 미칠 것으로...",네이버뉴스,https://www.cbci.co.kr/news/articleView.html?idxno=506548,2025-06-24 00:02:00+09:00,2025-06-24 00:31:24.597311
강원자치도 국장급 프로필문영준 감사위원회 사무국장,"문영준(58) 감사위원회 사무국장은 동해출신으로 북평고와 방송대를 졸업. 산림소득과장과 경제자유구역청 총괄본부장, 동해부시장 등을",네이버뉴스,https://n.news.naver.com/mnews/article/087/0001125041?sid=102,2025-06-24 00:02:00+09:00,2025-06-24 00:31:24.597311
"quot중국 관영지, 위안화 스테이블코인 개발 촉구국제화 가속 방안 제시...",저우샤오촨 전 중국 인민은행장도 최근 열린 중국 최대 경제포럼 루자쭈이포럼에서 스테이블코인의 부상이 달러의 영향력을 더욱 공고히 하는 결과를 가져올 수 있다는 우려를 표명했다. 한편 홍콩은 오는 8월부터...,네이버뉴스,https://www.cbci.co.kr/news/articleView.html?idxno=506554,2025-06-24 00:02:00+09:00,2025-06-24 00:31:24.597311
"이재명 시대quot이재명 대통령, 신임 원내대표단 초청 만찬국민 삶 개...",이에 신임 원내대표단은 quot개혁 입법과 민생 입법의 성공적 추진이 이재명 정부의 성공에 필수적quot이라며 민생 회복과 경제 활성화에 대한 의지를 표명했다. 이 대통령은 또한 quot당정 간 긴밀한 호흡이 성공의 열쇠quot라며 quot임기...,네이버뉴스,https://www.cbci.co.kr/news/articleView.html?idxno=506547,2025-06-24 00:02:00+09:00,2025-06-24 00:31:24.597311
강원자치도 국장급 프로필최기용 강원연구원 연구위원,"최기용(58) 강원연구원 연구위원은 춘천 출신으로 춘천고와 강원대를 졸업. 경제진흥국장, 문화관광국장, 경제국장. 강원대 RISE센터장 등을 역임",네이버뉴스,https://n.news.naver.com/mnews/article/087/0001125045?sid=102,2025-06-24 00:02:00+09:00,2025-06-24 00:31:24.597311
경상일보 제23기 독자권익위원회 본격 활동,"23기 독자권익위원회는 박규환 다해종합건설주식회사 대표이사, 유병건 울산항만물류협회장, 송해숙 한국여성경제인연합회 울산지회장, 천희주 (주)제이아이엔교육 대표, 오정숙 울산양산범죄피해자지원센터...",네이버뉴스,https://www.ksilbo.co.kr/news/articleView.html?idxno=1030218,2025-06-24 00:02:00+09:00,2025-06-24 00:31:24.597311
"이재명 시대quot이재명 대통령, 인도네시아 프라보워 대통령과 통화특...","그는 또, 1973년 수교 이래 양국이 정치안보, 경제, 사회문화 등을 포함한 여러 분야에서 협력 관계를... 아울러, 이 대통령은 오는 10월 경주에서 열리는 아시아태평양경제협력체(APEC) 정상회의에 프라보워 대통령의...",네이버뉴스,https://www.cbci.co.kr/news/articleView.html?idxno=506551,2025-06-24 00:02:00+09:00,2025-06-24 00:31:24.597311
강원자치도 국장급 프로필이미숙 경제자유구역청 총괄본부장,이미숙(58) 경제자유구역청 총괄본부장은 강릉 출신으로 강일여고와 강원대를 졸업. 바이오헬스과장 총무과장 정책기획관 등을 역임.,네이버뉴스,https://n.news.naver.com/mnews/article/087/0001125040?sid=102,2025-06-24 00:02:00+09:00,2025-06-24 00:31:24.597311
포토 베일벗은 올데이 프로젝트 멤버 영서,아주경제유대길 기자 dbeorlf123ajunews.com 혼성 5인 그룹 올데이 프로젝트(ALLDAY PROJECT) 멤버 영서가 23일 오후 서울 강남구 일상비일상의틈byU에서 열린 데뷔 싱글앨범 페이머스(FAMOUS) 발매 기념...,네이버뉴스,https://www.ajunews.com/view/20250623230222325,2025-06-24 00:02:00+09:00,2025-06-24 00:31:24.597311
"이재명 대통령의 첫 내각 인선 발표, 11개 부처에서 장관직 확정 기획재...",특히 경제부처의 인선 발표가 지연되고 있어 관심이 집중되고 있다. 정치권에서는 기획재정부의 경우... 경제부처 외에도 법무부와 행정안전부의 장관직이 발표되지 않았다. 법무부 장관 인선은 정부의 검찰개혁 추진...,네이버뉴스,https://www.cbci.co.kr/news/articleView.html?idxno=506520,2025-06-24 00:02:00+09:00,2025-06-24 00:31:24.597311
호르무즈(이란 해협) 봉쇄 초읽기 울산항도 긴장,"울산항만물류협회 관계자는 quot유조선 입항 지연이나 해상보험료 인상, 운임 급등 등은 지역 정유화학업계의 비용 부담으로 이어질 수밖에 없다quot며 quot실제 봉쇄로 이어질지는 미지수지만, 불확실성이 커질수록 다른 경제...",네이버뉴스,https://www.ksilbo.co.kr/news/articleView.html?idxno=1030248,2025-06-24 00:02:00+09:00,2025-06-24 00:31:24.597311
강원자치도 국장급 프로필김권종 관광국장 직무대리,"김권종(55) 관광국장 직무대리는 홍천 출신으로 성수고와 강원대를 졸업. 서울본부장과 경제진흥과장, 균형발전과장, 농정과장 등을 역임.",네이버뉴스,https://n.news.naver.com/mnews/article/087/0001125039?sid=102,2025-06-24 00:02:00+09:00,2025-06-24 00:31:24.597311
포토 베일벗은 올데이 프로젝트 멤버 베일리,아주경제유대길 기자 dbeorlf123ajunews.com 혼성 5인 그룹 올데이 프로젝트(ALLDAY PROJECT) 멤버 베일리가 23일 오후 서울 강남구 일상비일상의틈byU에서 열린 데뷔 싱글앨범 페이머스(FAMOUS) 발매 기념...,네이버뉴스,https://www.ajunews.com/view/20250623230305326,2025-06-24 00:02:00+09:00,2025-06-24 00:31:24.597311
"경상일보 필진 윤동열 교수, 책 워크노믹스 고용과 함께 하는 성장 발...","경제성장률(GDP) 1 벽에 가로 막혀 있는 한국 경제가 다시 도약하기 위해선 무엇이 필요할까? 자본도, 기술도 중요하지만 이제는 사람과 일자리가 경제 성장의 진정한 열쇠다. 본보 경상시론 필진인 윤동열(사진) 건국대...",네이버뉴스,https://www.ksilbo.co.kr/news/articleView.html?idxno=1030200,2025-06-24 00:02:00+09:00,2025-06-24 00:31:24.597311
기고굴뚝 없는 첨단 산업도시,"데이터센터 구축 과정에 일자리 창출은 물론 지방세 증대, 지역 경제 활성화에도 이바지할 것이다. 무엇보다, 울산이 굴뚝 산업도시에서 첨단 산업도시라는 이미지로 업그레이드되는 효과도 얻을 수 있다. 하나의...",네이버뉴스,https://www.ksilbo.co.kr/news/articleView.html?idxno=1030187,2025-06-24 00:02:00+09:00,2025-06-24 00:31:24.597311
이재명 정부 첫 장관 인선농림부 장관은 유임,"이 대통령은 이번 인사와 관련, quot중동 분쟁 등 국제 정세가 긴박하게 흐르고 있으며 우리 경제에 미치는 영향이 심각해지고 있다. 청문 절차가 빠르게 진행돼 당면 위기에 내각이 신속히 대응할 수 있기를 바란다quot는 언급을...",네이버뉴스,https://www.ksilbo.co.kr/news/articleView.html?idxno=1030208,2025-06-24 00:02:00+09:00,2025-06-24 00:31:24.597311
사설울산시 32조원 투자유치민관 협력의 새 지평 열다,"공공과 민간의 벽을 허물고 도시 경쟁력을 끌어올리는 김두겸 표 행정 혁신은 울산의 경제 생태계를 더욱... 현대 경영학의 아버지로 불리는 피터 드러커는 기업의 성장이 지역 경제의 번영을 이끈다고 강조하며, 기업과...",네이버뉴스,https://www.ksilbo.co.kr/news/articleView.html?idxno=1030221,2025-06-24 00:02:00+09:00,2025-06-24 00:31:24.597311
오늘의 운세 띠별 운세6월 24일,아주경제이건희 기자 topkeontop12ajunews.com 사진게티이미지뱅크 오늘의 띠별 운세 2025년 6월 24일 (화요일음 5월 29일) 운세는? 쥐띠 오늘의 운세 quot성실한 자가 원하는 것을 얻을 것입니다. 한 눈 팔지 말고 앞으로만...,네이버뉴스,https://www.ajunews.com/view/20250623075349491,2025-06-24 00:02:00+09:00,2025-06-24 00:31:24.597311
오늘의 운세 띠별 운세 6월24일,"주변에서 경제적 조언이나 정보를 얻을 기회가 많으니, 다양한 의견을 듣고 스스로 판단하는 자세가... 취업, 아르바이트, 부업 등 새로운 수입원이 생길 수 있으며, 그로 인해 경제적 여유가 생깁니다. 하지만 소득이...",네이버뉴스,https://www.bntnews.co.kr/article/view/bnt202506230089,2025-06-24 00:02:00+09:00,2025-06-24 00:31:24.597311
quotAI 혁신디지털 전환으로 울산경제 체질개선quot,"한국은행 울산본부, 울산상공회의소, SK이노베이션이 주최한 울산경제의 NEW Normal 기후변화, 제조업 AI 그리고 트럼프 세미나가 23일 울산 중구 SK행복타운에서 열렸다. 안효대 울산경제부시장과 최정태 한국은행...",네이버뉴스,https://www.ksilbo.co.kr/news/articleView.html?idxno=1030244,2025-06-24 00:02:00+09:00,2025-06-24 00:31:24.597311
韓美 조선협력 방안 교류의 장 열렸다,"울산시는 23일 울산시청 대회의실에서 안효대 울산시 경제부시장 주재로 한미 조선협력 전문가 지산학... 이날 간담회에는 안효대 울산시 경제부시장을 비롯해 HD한국조선해양 관계자, 울산대학교 및 UNIST 교수진이...",네이버뉴스,https://www.ksilbo.co.kr/news/articleView.html?idxno=1030210,2025-06-24 00:02:00+09:00,2025-06-24 00:31:24.597311
포토 베일벗은 올데이 프로젝트 멤버 우찬,아주경제유대길 기자 dbeorlf123ajunews.com 혼성 5인 그룹 올데이 프로젝트(ALLDAY PROJECT) 멤버 우찬이 23일 오후 서울 강남구 일상비일상의틈byU에서 열린 데뷔 싱글앨범 페이머스(FAMOUS) 발매 기념...,네이버뉴스,https://www.ajunews.com/view/20250623230346327,2025-06-24 00:02:00+09:00,2025-06-24 00:31:24.598313
광주창조경제혁신센터 스테이지 개관 기념 28일 토크콘서트,"광주창조경제혁신센터(대표이사 하상용)가 광주역 창업밸리의 첫 인프라인 스테이지 개관을 기념, 28일(토) 오후 2시 스테이지(STA.G) 2층에서 토크콘서트를 개최한다. 23일 광주창조경제혁신센터에 따르면, 이번 행사는...",네이버뉴스,http://www.gjdream.com/news/articleView.html?idxno=658676,2025-06-24 00:02:00+09:00,2025-06-24 00:31:24.598313
"기고3년 생존도 벅찬 자영업, 이젠 구조를 바꿔야 할 때","고정비 상승, 내수 위축, 고금리, 고물가 등 거시 경제의 불안정한 흐름은 자영업자들에게 직격탄이 되고... 이는 단순한 경제 문제를 넘어, 사회 전체의 활력과 공동체의 안녕을 위한 필수적인 과제임을 명심해야 한다....",네이버뉴스,https://www.ksilbo.co.kr/news/articleView.html?idxno=1030222,2025-06-24 00:02:00+09:00,2025-06-24 00:31:24.598313
"강원포럼도민의 삶 속으로, 변화를 만드는 1년의 발걸음","김기홍 의원이 제335회 임시회에서 발의한 강원특별자치도 전통문화산업 육성 조례는 잠자고 있던 우리 전통에 산업의 옷을 입혀 지역 경제에 활력을 불어넣었고, 조성운 의원이 제332회 임시회에서 발의한...",네이버뉴스,https://n.news.naver.com/mnews/article/087/0001125030?sid=102,2025-06-24 00:01:00+09:00,2025-06-24 00:31:24.598313
"무역로 차단 땐 경제 마비 온다, 해상 공급망 확보 총력",세계 경제가 마비되는 상황까지 올 수 있다며 이렇게 말했다. 2018년 7월 출범한 해진공은 해운기업의 선박... 러시아 세계경제국제관계연구소(IMEMO)의 2024년 해양강국 순위에서 한국은 중국미국러시아일본에 이어...,네이버뉴스,https://n.news.naver.com/mnews/article/025/0003450046?sid=101,2025-06-24 00:01:00+09:00,2025-06-24 00:31:24.598313
김진태 지사 정광열 경제부지사 후임 7월 중 조속히 임명,속보김진태 강원특별자치도지사가 다음달 7일 퇴임하는 정광열 경제부지사(본보 지난 16일자 4면 보도)의 후임을 조속히 임명하겠다고 23일 밝혔다. 김 지사는 이날 기자들을 만나 정광열 경제부지사가 역대 가장 오래...,네이버뉴스,https://n.news.naver.com/mnews/article/087/0001125032?sid=100,2025-06-24 00:01:00+09:00,2025-06-24 00:31:24.598313
"사설소비쿠폰, 신속한 집행으로 효과 극대화해야",코로나19와 고금리라는 이중고 속에서 소비 위축과 지역경제 침체가 이어지는 상황에서 이번 소비 진작책은... 이러한 지급기준의 세분화는 단순한 지원을 넘어 경제적 취약계층에 실질적 도움을 주는 설계다. 특히...,네이버뉴스,https://n.news.naver.com/mnews/article/087/0001125026?sid=110,2025-06-24 00:01:00+09:00,2025-06-24 00:31:24.598313
추경 데드라인 7월 4일 못 박은 민주당 quot이번 주 본회의 열자quot,민주당은 민생경제가 어려움을 겪는 만큼 야당과의 협상 타결에 얽매이지 않겠다는 분위기다. 국민의힘은 이재명 대통령 당선으로 여야가 뒤바뀐 상황에서 국회 예결위원장법제사법위원장직을 넘겨달라는 입장인데...,네이버뉴스,https://n.news.naver.com/mnews/article/469/0000872044?sid=100,2025-06-24 00:01:00+09:00,2025-06-24 00:31:24.598313
고루고루③ quot믿었던 정부 정책에 나앉을 뻔quot딸기 청년 분투기,"머물면서 다른 것도 할 수 있어야 지역 경제가 활성화될 텐데, 그러기엔 인프라가 많이 부족한 게 현실이에요. 저는 지역 경제 활성화 차원에서 기업이 들어온다면 찬성하는 입장입니다. 하지만 이곳에서 오랫동안 생계를...",네이버뉴스,https://n.news.naver.com/mnews/article/629/0000400986?sid=100,2025-06-24 00:01:00+09:00,2025-06-24 00:31:24.598313
관세에 환경 규제 리스크지형 급변 속 식어가는 K철강,이재윤 산업연구원 탄소중립산업전환연구실장은 철강 산업은 자동차조선건설 등 주요 산업과 연결돼 있어 경제 안보 차원에서 중요하다라며 국내 철강 기업이 2030년 뒤를 내다보고 대규모 설비 투자를...,네이버뉴스,https://n.news.naver.com/mnews/article/025/0003450055?sid=101,2025-06-24 00:01:00+09:00,2025-06-24 00:31:24.598313
"집값 진단 더 정밀하게서울시, 부동산 모니터링 대폭 강화","여기에 경기지수, 가계금융복지조사 등 거시경제 지표도 참고 지표로 활용된다. 아울러 센터는 주택담보대출(주담대) 비중, 갭투자 비율 등 구체적인 거래 양상까지 파악하기 위해 서울 아파트의 실거래 주소 정보 확보에...",네이버뉴스,https://n.news.naver.com/mnews/article/629/0000400979?sid=102,2025-06-24 00:01:00+09:00,2025-06-24 00:31:24.598313
여성을 향한 까르띠에의 메시지가 이렇게 진심인 이유,"일본은 매년 세계경제포럼에서 발표하는 성별격차지수에서 2024년 기준 146개 국 중 118위(한국은 101위)를 기록한 바 있다. 이런 환경에서 세 아이의 엄마이자 딸, 아내, 그리고 여성 CEO로 활약하는 그녀의 말에는...",네이버뉴스,https://www.elle.co.kr/article/1883480,2025-06-24 00:00:00+09:00,2025-06-24 00:31:24.598313
"경북 영덕군의회, 제315회 제1차 정례회 폐회",김성호 의장은 이번 제1차 정례회 기간 동안 열정적으로 의정활동에 임해 주신 의원님들과 회의 운영에 적극 협조해 주신 집행기관 공무원 여러분께 깊이 감사드린다며 산불피해 복구 및 지역경제 회복을...,네이버뉴스,https://n.news.naver.com/mnews/article/022/0004045924?sid=102,2025-06-24 00:00:00+09:00,2025-06-24 00:31:24.598313
"베트남, 생산기지 넘어 신소비시장으로 주목","저임금, FTA, 정치안정성베트남은 2023년 7.09의 경제성장률을 기록하며 아세안 국가 중 최고 수준의... 디지털 경제 비중을 GDP의 30로 확대, ICT 기반 스타트업 1만개 육성을 목표로 추진하고 있다. 이에 따라 디지털...",네이버뉴스,https://www.junggi.co.kr/article/articleView.html?no=34129,2025-06-24 00:00:00+09:00,2025-06-24 00:31:24.598313
"인터뷰 브라이츠 정우환 대표, quot2025년은 듀엠의 글로벌 진출 원년quot",시장경제최지흥 기자 브라이츠 정우환 대표가 올해를 주력 브랜드 듀엠의 해외 시장 진출 원년으로 선언했다. 사진시장경제DB 최근 국내 중소 화장품 브랜드들이 해외 시장에서 큰 인기를 얻으면서 해외 시장 공략에...,네이버뉴스,https://www.meconomynews.com/news/articleView.html?idxno=115065,2025-06-24 00:00:00+09:00,2025-06-24 00:31:24.598313
"남궁역 의원, 서남 2단계 집단에너지시설 건립의 공공성 및 안정성 확보","남궁 의원은 공해방지 시설설치로 이산화탄소, 질소산화물, 황산화물 등 대기오염물질이 크게 감소하고, 개별난방보다 난방비가 저렴해 시민이 경제적으로 이용할 수 있다는 점에서 투자 가치가 높으므로...",네이버뉴스,https://www.dailyt.co.kr/newsView/dlt202506230020,2025-06-24 00:00:00+09:00,2025-06-24 00:31:24.599312
"하나은행, 중기소상공인에 11조 긴급 금융 지원",하나은행이 중동 사태가 격화하면서 위기감이 커진 중소기업소상공인을 지원하기 위해 대규모 금융지원에... 중소중견 수출 기업을 위한 기존 금융 지원도 계속 제공한다. 하나은행은 지난 1월 한국무역보험공사와...,네이버뉴스,https://n.news.naver.com/mnews/article/005/0001785101?sid=101,2025-06-24 00:27:00+09:00,2025-06-24 00:31:24.752981
초클루 당구전설 산체스 넘고 PBA 개막전 우승! 하나카드 남녀 동반 우...,"펼쳐진 우리금융캐피탈 챔피언십 2025 PBA 개막전 결승. 무라트 나지 초클루(하나카드)와 다니엘 산체스... 한편, 이번 우리금융캐피탈 챔피언십 2025는 초클루의 우승으로 남녀 모두 하나카드 소속 선수가 우승컵을...",네이버뉴스,https://www.gukjenews.com/news/articleView.html?idxno=3306556,2025-06-24 00:26:00+09:00,2025-06-24 00:31:24.752981
"KB국민은행.무보, 4천6백억원 규모 수출입기업 금융지원 협약","KB국민은행(은행장 이환주)과 한국무역보험공사(무보, 사장 장영진)는 지난 20일 서울 여의도 KB국민은행 신관에서 KB국민은행과 중소중견 수출입기업 금융지원을 위한 2차 수출패키지 우대금융 업무협약을 체결했다....",네이버뉴스,https://www.webeconomy.co.kr/news/article.html?no=1234696,2025-06-24 00:22:00+09:00,2025-06-24 00:31:24.752981
美연준 보먼 부의장 quot인플레 억제되면 7월 기준금리 인하 지지quot,연준 이사였던 보먼 부의장은 도널드 트럼프 미 대통령의 지명으로 이달 초 금융감독 담당 부의장으로 취임했다. 그는 연준 주요 인사 가운데 가장 매파(통화긴축 선호) 성향으로 꼽혀왔다. 앞서 연준 내 온건한 매파로...,네이버뉴스,https://n.news.naver.com/mnews/article/001/0015465585?sid=101,2025-06-24 00:21:00+09:00,2025-06-24 00:31:24.752981
강남규의 글로벌 머니 트럼프의 거친 입이 Fed 지배구조 위기를 부른...,세계적인 금융통화이론가인 안토니오 파타스 인시아드대 교수는 기자와 통화에서 요즘 트럼프 압박에 대해 Fed 내부의 반발이 거세다고 전했다. 게다가 트럼프 공세에 파월이 버틸 법적 장치도 있다. 파월의...,네이버뉴스,https://n.news.naver.com/mnews/article/025/0003450070?sid=110,2025-06-24 00:20:00+09:00,2025-06-24 00:31:24.752981
"팜플리아노의 프로캡, IPO 추진비트코인 기반 금융 플랫폼으로 1조 원...","비트코인(BTC) 중심의 금융 서비스 확대를 목표로 하는 프로캡파이낸셜(ProCap Financial)이 기업공개(IPO)... 상장을 기점으로 최대 10억 달러(약 1조 3,900억 원) 규모의 비트코인을 보유하는 한편, 비트코인 기반 금융...",네이버뉴스,https://www.tokenpost.kr/news/cryptocurrency/260301,2025-06-24 00:20:00+09:00,2025-06-24 00:31:24.753990
연준 보먼도quot7월 금리 인하 지지quot두번째 비둘기발언,연준의 비둘기파중 하나로 꼽히는 그녀는 이전에도 금융 위기에 대비해 미국 대형 은행들의 자본 요건을 19... 금주에 연준과 금융 규제 기관들은 국채 같은 특정 자산을 제외하고 레버리지 규정에 대한 변경 사항을...,네이버뉴스,https://n.news.naver.com/mnews/article/015/0005148542?sid=101,2025-06-24 00:20:00+09:00,2025-06-24 00:31:24.753990
이란 핵시설 공습 후 뉴욕 증시 혼조세유가는 상승세 유지,"이번 중동 긴장 고조는 트럼프 행정부의 급격한 대외무역 정책 변화와 맞물리면서, 글로벌 금융시장에 추가적인 불확실성을 더할 수 있다는 전망도 나온다. 시장 분석업체 야덴니리서치의 에드 야덴니 대표는...",네이버뉴스,https://www.cbci.co.kr/news/articleView.html?idxno=506564,2025-06-24 00:20:00+09:00,2025-06-24 00:31:24.753990
"베다, 크로스체인 볼트 확산 가속 위해 250억 원 투자 유치TVL 33억 달...","탈중앙금융(DeFi) 프로토콜인 베다(Veda)가 크로스체인 수익 상품 구축을 지원하는 볼트(Vault) 플랫폼의 확산을 가속화하기 위해 1,800만 달러(약 250억 원)의 투자금을 유치했다. 이번 투자 라운드는 벤처캐피털...",네이버뉴스,https://www.tokenpost.kr/news/blockchain/260298,2025-06-24 00:16:00+09:00,2025-06-24 00:31:24.753990
"방위산업전쟁테러 관련주, 함박웃음 아이티센엔텍풍산빅텍한...","공공 부문에서 높은 시장점유율을 바탕으로 제조, 물류, 서비스, 금융 산업 전반에 걸쳐 정보시스템 구축 및 ITO(정보기술 아웃소싱) 서비스를 제공하고 있으며, ABCDX(인공지능, 블록체인, 클라우드, 데이터...",네이버뉴스,http://www.finomy.com/news/articleView.html?idxno=231881,2025-06-24 00:16:00+09:00,2025-06-24 00:31:24.753990
"튀르키예 전사 초클루, 4대 천황 산체스에 41... PBA 통산 2승","초클루는 23일 오후 9시, 경기도 고양시 킨텍스 PBA 스타디움에서 열린 우리금융캐피탈 PBA 챔피언십 2025... 초클루(오른쪽)와 산체스가 23일 우리금융캐피탈 PBA 챔피언십 2025 결승전을 마치고 시상식에서 기념촬영을...",네이버뉴스,https://www.newspim.com/news/view/20250624000001,2025-06-24 00:14:00+09:00,2025-06-24 00:31:24.753990
비트버니 퀴즈 6월 24일 정답은,"앱테크의 대표적인 유형으로는 리워드 앱(광고설문 참여), 만보기 앱(걸음 수에 따라 포인트 적립), 금융 앱(잔돈 모으기이벤트 참여), 캐시백 앱(구매 시 일정 금액 환급) 등이 있다. 초기 앱테크가 광고 시청이나...",네이버뉴스,http://www.namdonews.com/news/articleView.html?idxno=824231,2025-06-24 00:12:00+09:00,2025-06-24 00:31:24.753990
"아크인베스트, 서클 주식 매도 지속",제레미 알레어(Jeremy Allaire) 서클 최고경영자의 경우 기업공개를 준비하며 자사 사업 모델이 합법적으로 규제되기 때문에 가상화폐 시장에 참여하려는 전통 금융 업체들에게 매력적인 선택지로 고려될 수 있다고...,네이버뉴스,https://www.khgames.co.kr/news/articleView.html?idxno=241192,2025-06-24 00:10:00+09:00,2025-06-24 00:31:24.753990
"신한은행 강원영서본부, 강원도에 고향사랑기부금 전달","이번 기부는 신한은행 전 직원이 지역과 함께 숨 쉬고 성장하는 금융기관이라는 다짐 아래 자발적으로... 기여하는 금융 파트너로서, 지역밀착형 활동과 기부 문화 확산을 위해 지속해 나가겠다quot고 말했다. 김진태...",네이버뉴스,https://n.news.naver.com/mnews/article/654/0000127789?sid=101,2025-06-24 00:10:00+09:00,2025-06-24 00:31:24.753990
8억원 가로챈 보이스피싱범 검거,카드 배송하는 기사와 수사 기관을 사칭해 8억 원을 가로챈 전화금융사기(보이스피싱) 현금 수거책 일당이 붙잡혔다. 강릉경찰서는 전기통신금융사기 피해 방지 및 피해금 환급에 관한 특별법 위반 혐의로 20대 A씨를...,네이버뉴스,https://n.news.naver.com/mnews/article/654/0000127767?sid=102,2025-06-24 00:09:00+09:00,2025-06-24 00:31:24.753990
미 이란 공격 뒤 첫 거래일...뉴욕 증시유가 관망세,"다만, 이란이 호르무즈 해협 봉쇄에 나서고 국제 유가가 급등세를 나타낼 경우 금융시장 불확실성이 다시 확대될 가능성은 남아 있습니다. 모건 스탠리는 quot역사적으로 볼 때 지정학적 요인이 주도한 대부분의...",네이버뉴스,https://n.news.naver.com/mnews/article/052/0002209768?sid=104,2025-06-24 00:09:00+09:00,2025-06-24 00:31:24.753990
토스 행운퀴즈 정답 6월 24일,토스 행운퀴즈는 모바일 금융 플랫폼인 토스에서 제공하는 퀴즈 이벤트이다. 사용자들이 다양한 업체의 질문에 대한 정답을 맞추면 일정 포인트를 받을 수 있는 형식으로 진행된다. 토스행운퀴즈는 주로 협력하는...,네이버뉴스,https://www.bntnews.co.kr/article/view/bnt202506240001,2025-06-24 00:08:00+09:00,2025-06-24 00:31:24.753990
업무 효율? 스마트 첫날 장기요양 현장 마비,"기존에는 6자리 비밀번호만으로 간단하게 접속할 수 있었지만, 이제는 건강보험인증서금융인증서공동인증서 등을 통한 로그인 방식이 도입됐다. 또한 앱 내에서 태그 수령스캔부착사진 촬영 등의 절차도...",네이버뉴스,http://www.gjdream.com/news/articleView.html?idxno=658667,2025-06-24 00:08:00+09:00,2025-06-24 00:31:24.753990
자정 뉴스브리핑 미 BTC 현물 ETF 거래량 1조 돌파출시 18개월만 外,"아울러 시퀀스는 비트코인 커스터디를 위해 암호화폐 금융 서비스 기업 스완비트코인과도 협력할... 연준 보우먼, 7월 금리 인하 가능성 언급 미국 연방준비제도(Fed연준) 금융 감독 부의장 미셸 보우먼(Michelle...",네이버뉴스,https://www.tokenpost.kr/news/briefing/260295,2025-06-24 00:08:00+09:00,2025-06-24 00:31:24.753990
사설 호르무즈 봉쇄 위기비상체제로 유가환율물가 총력 대응할...,유가와 금융 시장의 변동성이 실물경제로 전이되지 않도록 해야 한다. 경기 위축 속에 고물가고환율고금리의 3고(高) 악재가 덮치면 장기 침체의 늪으로 빠질 수 있다. 정부는 대통령실과 거시경제금융회의(F4)...,네이버뉴스,https://n.news.naver.com/mnews/article/011/0004500495?sid=110,2025-06-24 00:08:00+09:00,2025-06-24 00:31:24.753990
이다연 더헤븐 마스터즈 혈투 끝 준우승,"이다연은 2023년 9월 하나금융그룹 챔피언십 제패 이후 2년 만의 우승 기회를 놓쳤다. 한편 이번 대회에서는 임희정(두산건설 위브태백 출신), 김민별(하이트진로춘천 출신)이 각각 3위, 공동 6위에 랭크되는 등 강원...",네이버뉴스,https://m.sports.naver.com/golf/article/654/0000127723,2025-06-24 00:07:00+09:00,2025-06-24 00:31:24.753990
"핀테크(FinTech) 관련주, 광대승천 카카오페이코나아이한국정보인...","헥토파이낸셜은 2000년 설립된 핀테크 전문기업으로, 가상계좌, 펌뱅킹, 간편현금결제, PG서비스 등 전자금융 기반의 다양한 솔루션을 제공하고 있다. 20여 년간 축적된 안정적 금융서비스 운영 경험을 바탕으로...",네이버뉴스,http://www.finomy.com/news/articleView.html?idxno=231878,2025-06-24 00:06:00+09:00,2025-06-24 00:31:24.753990
메이저 3승 이민지 quot결국 나 자신과의 싸움..퍼터 바꾸고 연습 한 효과도...,연습이 효과를 본 것 같다. 호주 교포 이민지(하나금융그룹)가 미국여자프로골프(LPGA) 투어 메이저 대회 KPMG 위민스 PGA 챔피언십(총상금 1200만 달러)에서 통산 세 번째 메이저 우승트로피를 들어 올린 뒤 퍼터...,네이버뉴스,https://m.sports.naver.com/golf/article/018/0006047199,2025-06-24 00:06:00+09:00,2025-06-24 00:31:24.753990
"우리은행, 스마트 시재관리기 전면 확대...quot디지털 내부통제 본격화...","우리은행은 quot디지털 기술을 활용한 내부통제 강화로 금융사고를 사전에 차단하고, 지점 창구업무를 효율화하는 두 가지 목표를 동시에 달성한 대표적 사례로 평가된다quot고 의미를 부여했다. 앞서 우리은행은 전국 10개...",네이버뉴스,https://www.webeconomy.co.kr/news/article.html?no=1234694,2025-06-24 00:06:00+09:00,2025-06-24 00:31:24.753990
"허영 의원, 국정운영 5개년 계획 TF 합류","오는 26일에는 한국은행금융감독원, 27일에는 서민금융진흥원산업은행수출입은행 등이 국정기획위에 보고를 진행할 예정이다. 향후 원자력안전위원회, 우주항공청 등으로도 업무보고가 이어질 계획이다.",네이버뉴스,https://n.news.naver.com/mnews/article/087/0001125062?sid=100,2025-06-24 00:06:00+09:00,2025-06-24 00:31:24.753990
예상과 달랐다총리 인준 前 장관 인선 먼저,그는 지난 10일 국회 인사청문회를 앞두고 후보자 지명 이후 처음으로 서울 금융감독원 연수원에서 가진 기자간담회에서 quot내 청문회가 끝나면 내가 제청하는 방식으로 이 대통령이 기용하고자 하는 인사를 기용하는 절차가...,네이버뉴스,https://n.news.naver.com/mnews/article/119/0002971142?sid=100,2025-06-24 00:05:00+09:00,2025-06-24 00:31:24.753990
"기고3년 생존도 벅찬 자영업, 이젠 구조를 바꿔야 할 때","폐업 자영업자들을 위한 맞춤형 재취업 교육 및 구직 연계 프로그램을 강화하고, 금융권과의 협의를 통한 채무 조정 및 신용 회복 지원, 심리 상담 등 다면적인 지원이 필요하다. 나아가 향후에는 과밀업종의 무분별한...",네이버뉴스,https://www.ksilbo.co.kr/news/articleView.html?idxno=1030222,2025-06-24 00:02:00+09:00,2025-06-24 00:31:24.753990
"챗GPT 들고 나선 4대금융 회장, AI 주도권 경쟁 진두지휘","금융지주 회장 직접 AI 열공AI 주권 확보 주력 정부 AI 3대 강국 기조와 맞닿아AI전략 내재화 속도 금융권의 AI(인공지능) 전환이 속도를 내는 가운데, 주요 금융지주 회장들이 전략 수립부터 실무 교육까지 직접...",네이버뉴스,https://n.news.naver.com/mnews/article/629/0000400992?sid=101,2025-06-24 00:02:00+09:00,2025-06-24 00:31:24.753990
"quot중국 관영지, 위안화 스테이블코인 개발 촉구국제화 가속 방안 제시...","매체는 중국이 스테이블코인을 체계적으로 관리감독하고 이를 위안화 국제화에 활용해야만 새로운 금융 기회를 놓치지 않을 것이라고 주장했다. 또한 스테이블코인을 방치할 경우, 국가 금융 시스템에 부정적인 영향을...",네이버뉴스,https://www.cbci.co.kr/news/articleView.html?idxno=506554,2025-06-24 00:02:00+09:00,2025-06-24 00:31:24.753990
중동발 유가상승울산 제조업서민경제 우려,"정부도 관계기관 합동 비상대응반 회의를 열고 국제유가와 금융시장 변동성에 대응하기 위한 24시간 점검체제에 돌입했다. 정부는 유류세 인하 조치를 2개월 연장하고, 범정부 석유시장 점검단을 통해 유가 급등에...",네이버뉴스,https://www.ksilbo.co.kr/news/articleView.html?idxno=1030246,2025-06-24 00:02:00+09:00,2025-06-24 00:31:24.753990
"푸틴 러시아 대통령, 이란에 대한 미국과 이스라엘의 군사적 공격을 근...","러시아와 이란은 올해 초 포괄적 전략적 동반자 협정을 체결해 국방, 에너지, 금융 등 여러 분야에서 협력을 강화했다. 그러나 이 협정에 군사 동맹이나 상호 군사 지원 조항은 포함되지 않았다. 우크라이나 전쟁에서...",네이버뉴스,https://www.cbci.co.kr/news/articleView.html?idxno=506544,2025-06-24 00:02:00+09:00,2025-06-24 00:31:24.753990
한국남동발전 정부경영평가 A등급 달성 외,"경영전략 실행력 강화를 통한 에너지전환을 선도적으로 이행했고, 전방위 재무관리 활동을 통해 공공기관 최초로 당기순이익 개선, 총 금융부채 감축, 부채비율 개선 등 재무개선 트리플 크라운을 달성하는 성과도...",네이버뉴스,https://ilyo.co.kr/?ac=article_view&entry_id=494752,2025-06-24 00:02:00+09:00,2025-06-24 00:31:24.754989
"상장 한 달 달바글로벌, 급성장 속 국내외 리스크는 여전","24일 금융감독원 전자공시시스템에 따르면 달바글로벌은 지난해 매출 3091억원, 영업이익은 598억원을 기록했다. 이는 전년 대비 각각 54, 84 증가한 수치다. 올해 1분기 매출은 1138억원으로 전년 동기 대비 72 증가했다....",네이버뉴스,https://n.news.naver.com/mnews/article/629/0000400994?sid=101,2025-06-24 00:02:00+09:00,2025-06-24 00:31:24.754989
부작용 막자니 배보다 배꼽원화 스테이블 코인 딜레마,"23일 금융권에 따르면 스테이블 코인이란 비트코인처럼 블록체인 기술을 통해 발행하지만, 법정화폐나... 한 금융권 관계자는 달러와 원화의 수요공급은 각각의 메커니즘이 있기 때문에 원화 스테이블 코인을...",네이버뉴스,https://n.news.naver.com/mnews/article/025/0003450052?sid=101,2025-06-24 00:01:00+09:00,2025-06-24 00:31:24.754989
"집값 진단 더 정밀하게서울시, 부동산 모니터링 대폭 강화","가격거래량매물량뿐만 아니라 주택금융 정보까지 분석 대상에 포함해 부동산 시장을 면밀히 살핀다는... 금융 부문에서는 시중은행 대출금리, 정책금융, 은행별 주담대 내부자료 등이 분석 대상에 추가된다. 부동산...",네이버뉴스,https://n.news.naver.com/mnews/article/629/0000400979?sid=102,2025-06-24 00:01:00+09:00,2025-06-24 00:31:24.754989
"무역로 차단 땐 경제 마비 온다, 해상 공급망 확보 총력",대한 금융 지원을 주관하고 있다. 지난 7년간 해운산업 정상화를 뒷받침해 왔다. 현재까지 미국베트남헝가리 등 해외 거점 물류 시설에 총 4840억원 규모로 금융 지원을 했다. 안 사장은 코로나19 위기 때 봤듯이 항만...,네이버뉴스,https://n.news.naver.com/mnews/article/025/0003450046?sid=101,2025-06-24 00:01:00+09:00,2025-06-24 00:31:24.754989
"저출생이 올린 육아 물가산후조리원 평균 비용, 해마다 24 치솟아","23일 하나은행 하나금융연구소는 이 같은 내용의 소비 환경 변화에 따른 소호 업종 점검 보고서를... 김문태 하나금융연구소 연구위원은 디지털 전환, 수요 세대 전환, 세대별 소비 추세 변화에 대응이 필요한...",네이버뉴스,https://n.news.naver.com/mnews/article/025/0003450054?sid=101,2025-06-24 00:01:00+09:00,2025-06-24 00:31:24.754989
"산체스 quot승리하는 법 아는 내 친구quot, 초클루 quot한턱 크게 쏠게quot기자회견...","스포츠한국 김성수 기자 초클루는 23일 오후 9시 경기도 고양시 킨텍스 PBA 스타디움에서 열린 우리금융캐피탈 PBALPBA 챔피언십 PBA 결승전서 산체스를 세트스코어 41(1512, 1511, 158, 615, 154)로 꺾고 우승 트로피를...",네이버뉴스,https://sports.hankooki.com/news/articleView.html?idxno=6901826,2025-06-24 00:00:00+09:00,2025-06-24 00:31:24.754989
속보 미국 연방정부 리플 XRP 압류... 뉴욕증시 quot암호화폐 에스크로 국...,엑스알피(XRP)를 미국 정부가 국가지정 금융 준비 자산으로 편입하거나 리플(Ripple)의 에스크로를 압류할 수... 미국 국채는 전 세계 금융시장에서 가장 안전한 자산으로 여겨지기 때문이다. 지니어스법은...,네이버뉴스,http://www.g-enews.com/ko-kr/news/article/news_all/202506192024486727906806b77b_1/article.html,2025-06-24 00:00:00+09:00,2025-06-24 00:31:24.754989
야간 국채선물 소폭 반등美 금리 반락 연동,"금융투자는 12계약 순매수했다. 총 180계약가량 거래됐다. 3년 국채선물은 주간 종가 대비 3틱 상승한 107.07을 나타냈다. 외국인은 9계약 순매수했고, 금융투자가 12계약 순매수했다. 거래량은 16계약 정도에 그쳤다....",네이버뉴스,https://news.einfomax.co.kr/news/articleView.html?idxno=4361590,2025-06-23 23:58:00+09:00,2025-06-24 00:31:24.754989
민생회복지원금 스테이블 코인이나 CBDC로 사용하게 될까?,서울시는 지난 2021년 11월 24일 모바일 지역화폐 서울사랑상품권 판매대행점으로 신한금융지주와... 그 효과로 복지 재정 효율화 디지털 서비스 이용 제약 축소 국내 금융사 해외 진출 유도 카드 수수료 없는...,네이버뉴스,http://www.paxetv.com/news/articleView.html?idxno=236725,2025-06-23 23:56:00+09:00,2025-06-24 00:31:24.754989
"부산해양강국범시민추진협의회 출범, 시민 주도 해양수도 시대 개막",해양금융 허브도시로 성장) 동남투자은행 설립을 통한 해양금융 기반 구축(지역 산업과 해양경제의 자금 허브를 마련하고 중앙 집중적 금융 구조를 극복) 등 6가지 주요 과제를 추진할 계획이다. 이지후 상임의장은...,네이버뉴스,https://www.getnews.co.kr/news/articleView.html?idxno=827691,2025-06-23 23:52:00+09:00,2025-06-24 00:31:24.754989
기고 세계 車기업의 철수설은 오해 한국은 전략 거점,"금융 위기 이후 한국은 우수한 기술력과 숙련 인력, 인프라를 바탕으로 세계 자동차 기업의 주요 전략 거점으로 떠올랐다. 이에 따라 다국적 기업들은 우리 기업과 기술 협력을 추진하고 있다. 이들이 국내에서 지속...",네이버뉴스,https://n.news.naver.com/mnews/article/023/0003912749?sid=110,2025-06-23 23:51:00+09:00,2025-06-24 00:31:24.754989
"롯데건설, 1100억원 수요예측에 0건 주문...기관에 완전 외면당해","23일 금융투자업계에 따르면 롯데건설은 1년물과 1.5년물 회사채 총 1100억원 규모의 수요예측을 진행했지만 단 한 건의 기관 주문도 확보하지 못했다. 희망금리는 각각 5.45.7, 5.65.9로 비교적 높은 수준으로...",네이버뉴스,https://www.joongangenews.com/news/articleView.html?idxno=428590,2025-06-23 23:50:00+09:00,2025-06-24 00:31:24.754989
안병구 밀양시장 농산물 유통 상생 체계 구축농가소득 증대 추진,"컨설팅은 개인별 맞춤형으로 진행됐으며, 자립에 필요한 주거, 진로, 금융(자산), 취업 등 다양한 분야에 대해 컨설턴트와 청년 간 11로 50분간 상담하는 방식으로 진행됐다. 손순미 여성가족과장은 이번 컨설팅이 자립을...",네이버뉴스,https://www.kukinews.com/article/view/kuk202506230253,2025-06-23 23:50:00+09:00,2025-06-24 00:31:24.754989
9월 개최 업비트 D 컨퍼런스 2025 1차 연사진 공개,"먼저, 키노트 스테이지에서는 글로벌 시장의 흐름과 현황을 주제로 미국의 디지털자산 친화 정책을 이끈 패트릭 맥헨리 전 미국 하원 금융서비스위원회 의장이 대담에 나선다. 금융비즈니스 세션에선 진 팡 무디스...",네이버뉴스,http://www.newsbrite.net/news/articleView.html?idxno=191235,2025-06-23 23:50:00+09:00,2025-06-24 00:31:24.754989
"애큐온저축은행, 김희상 신임 대표이사 취임식 진행","주택담보대출 부문에서는 지역별차주별시장 상황별 맞춤형 한도 및 가격 정책을 정교화하고, 기업금융... 디지털 금융 부문에서는 고객 중심의 모바일 인터페이스를 지속 발전시키고, AI와 빅데이터 기술의 고도화를...",네이버뉴스,https://daily.hankooki.com/news/articleView.html?idxno=1233389,2025-06-23 23:48:00+09:00,2025-06-24 00:31:24.754989
"푸틴, 이란 외무장관 만나 quot이란 침략, 근거도 정당성도 없어quot","러시아와 이란은 지난 1월 포괄적 전략적 동반자 조약을 맺고 국방, 에너지, 금융 등 다양한 분야에서 협력을 강화하고 있습니다. 다만 이 조약에는 상호 간 군사 지원을 제공하는 내용은 포함되지 않았습니다. 아락치...",네이버뉴스,https://n.news.naver.com/mnews/article/437/0000445750?sid=104,2025-06-23 23:48:00+09:00,2025-06-24 00:31:24.754989
소비자 3명 중 2명 한방진료 보장되면 실손보험 가입 고려,"(조세금융신문구재회 기자) 정부가 추진 중인 5세대 실손보험 개편과 관련해, 실손보험 내 한의진료 보장이 소비자의 가입 의사에 긍정적인 영향을 미친다는 연구 결과가 발표됐다. 아울러, 한의표준임상진료지침...",네이버뉴스,https://www.tfmedia.co.kr/news/article.html?no=191620,2025-06-23 23:46:00+09:00,2025-06-24 00:31:24.754989
미 달러화 강세美이스라엘 이란 공습에 안전선호,0076위안(0.106) 올랐다. 달러스위스프랑 환율은 0.8185스위스프랑으로 0.0003스위스프랑(0.037) 높아졌다. jwchoiyna.co.kr 본 기사는 인포맥스 금융정보 단말기에서 2시간 더 빠른 21시 39분에 서비스된 기사입니다.,네이버뉴스,https://news.einfomax.co.kr/news/articleView.html?idxno=4361589,2025-06-23 23:42:00+09:00,2025-06-24 00:31:24.754989
"마감 NAVER두산에너빌리티 시총 5, 6위...LG로봇주 등도 강세","SK하이닉스(0.97), NAVER(7.61), 두산에너빌리티(13.95), KB금융(1.03)등은 올랐다. 두산에너빌리티(13.95)는 원자력 에너지 르네상스가 기대된다는 분석에 급등하면서 시총 6위에 올라섰다. 이상헌 iM증권...",네이버뉴스,https://www.asiatime.co.kr/article/20250623500420,2025-06-23 23:40:00+09:00,2025-06-24 00:31:24.754989
"웰컴저축은행, 고객응대 역량강화 교육 실시소비자중심경영 실천의지...",웰컴저축은행은 지난 18일과 19일 양일간 서울시 용산구에 위치한 웰컴금융타워에서 영업점과... 포함해 금융거래 기본정보 및 서비스 이용에 대한 전반적인 설명을 담았다. 웰뱅 앱 사용 설명서는 웰컴저축은행...,네이버뉴스,https://daily.hankooki.com/news/articleView.html?idxno=1233386,2025-06-23 23:40:00+09:00,2025-06-24 00:31:24.754989
"신한카드, 시니어 고객 무료 피싱 케어 신한 SOL이 지켜드림 출시","특히, 보상제도는 신한카드가 자체적으로 운영하며, 가입 고객의 국내 분실도난 사고 발생 시 최대 100만원까지, 피싱 금융사고는 최대 2,000만원까지 지원한다. 신한카드, 시니어 고객 무료 피싱 케어 신한 SOL이...",네이버뉴스,https://www.webeconomy.co.kr/news/article.html?no=1234689,2025-06-23 23:40:00+09:00,2025-06-24 00:31:24.754989
"quot헤지펀드, 지난주 5년 만에 최고 레버리지quot","은행, 보험사, 무역회사를 포함한 금융주가 지난주 가장 인기 있는 주식 섹터 중 하나로 꼽혔다. 이들 기업의... 골드만삭스의 보고서에 따르면, 헤지펀드는 북미와 유럽의 금융회사 주식을 매수했지만, 아시아의 금융회사...",네이버뉴스,https://n.news.naver.com/mnews/article/015/0005148539?sid=101,2025-06-23 23:38:00+09:00,2025-06-24 00:31:24.754989
"한화손해보험, 2025 지속가능경영보고서 발간","이와 함께 인권, 환경, 안전보건, 금융소비자 보호, 정보보호 등 주요 ESG 이슈를 포괄한 지속가능경영 정책집을 제정해 체계적이고 중장기적인 ESG 추진 기반을 마련했다. 한화손해보험 관계자는 quot회사의 진정성 있는...",네이버뉴스,https://daily.hankooki.com/news/articleView.html?idxno=1233384,2025-06-23 23:38:00+09:00,2025-06-24 00:31:24.754989
美 이란 공격 뉴욕증시 美개입후 첫거래일 오전 강세이란 대응 관망,"다만, 이란이 호르무즈 해협 봉쇄에 나서고 국제유가가 급등세를 나타낼 경우 금융시장 불확실성이 다시 확대될 가능성은 남아 있다. 대표적인 월가 약세론자인 모건 스탠리의 마이클 윌슨 수석 미국 주식 전략가는...",네이버뉴스,https://n.news.naver.com/mnews/article/001/0015465577?sid=101,2025-06-23 23:32:00+09:00,2025-06-24 00:31:24.754989
"미국 뉴욕증시, 중동 긴장 속 나스닥 상승 출발테슬라 급등엔비디아...","리스크가 금융시장에 미칠 파장을 경계하는 분위기다. 그럼에도 불구하고, 6월 23일 오전 10시 29분(미... 않았지만, 금융업계 내 구조조정 흐름이 다시 주목받는 계기가 됐다. 반면, 노보 노디스크는 비만 치료제...",네이버뉴스,https://www.topstarnews.net/news/articleView.html?idxno=15706559,2025-06-23 23:32:00+09:00,2025-06-24 00:31:24.754989
경제칼럼) 확대일로의 트럼프 리스크,"경제성장률 역시 2011년 3 후반대로 내려 앉으면서 글로벌 금융위기 이전 수준인 5대로 복귀하지 못했다. 여하튼 당장은 호르무즈해협 봉쇄 우려가 큰 이슈가 되고 있지만, 숨어 있는 큰 악재들이 있다는 점에 주의할...",네이버뉴스,https://www.idaegu.com/news/articleView.html?idxno=641072,2025-06-23 23:30:00+09:00,2025-06-24 00:31:24.754989
"달러원, 야간거래서 20원 넘게 급등한때 1,390원 상회",005달러 내린 1.146달러에 거래됐다. 역외 달러위안(CNH) 환율은 7.1882위안으로 상승했다. jwohyna.co.kr 본 기사는 인포맥스 금융정보 단말기에서 2시간 더 빠른 21시 25분에 서비스된 기사입니다.,네이버뉴스,https://news.einfomax.co.kr/news/articleView.html?idxno=4361588,2025-06-23 23:28:00+09:00,2025-06-24 00:31:24.754989
"횡설수설정임수20세기 이후 全無했던 호르무즈 해협 봉쇄, 이번...",국제 유가가 급등하고 주가와 환율이 출렁이는 등 글로벌 금융시장은 민감하게 반응하고 있다. 호르무즈 폐쇄가 현실화하면 국제 유가가 지금의 두 배로 치솟아 워플레이션(전쟁인플레이션)이 발생할 거라는...,네이버뉴스,https://n.news.naver.com/mnews/article/020/0003643219?sid=110,2025-06-23 23:22:00+09:00,2025-06-24 00:31:24.754989
"전북도, 특별법 특례사업 실행 속도3조6천억 규모 사업 추진","이에 따라 금융 데이터 분석, 블록체인 기술산업, 관련 기업 집적화를 통한 미래산업 생태계 조성이 기대된다. 이 밖에도 문화산업진흥지구, 산림복지지구, 친환경산악관광지구 등이 올 하반기 지정을 앞두고 있으며...",네이버뉴스,https://www.onews.tv/news/articleView.html?idxno=249019,2025-06-23 23:18:00+09:00,2025-06-24 00:31:24.754989
"올댓차이나 홍콩 증시, 미중 금융완화 기대에 상승 마감H주 0.82","홍콩 증시는 23일 중동정세를 둘러싼 지정학적 리스크가 커지는 속에서도 미중 금융완화에 대한 기대로 매수가 들어오면서 상승 마감했다. 항셍지수는 이날 지난 20일 대비 158.65 포인트, 0.67 올라간 2만3689....",네이버뉴스,https://n.news.naver.com/mnews/article/003/0013320133?sid=104,2025-06-23 23:16:00+09:00,2025-06-24 00:31:24.754989
"뉴욕증시, 중동 전면전 우려에도 혼조 출발이란 보복 가능성 주시",이번 중동 사태는 트럼프 대통령의 급격한 대외무역 정책 전환으로 이미 불확실성이 커진 글로벌 금융시장에 또 다른 리스크 요인으로 작용할 수 있다는 분석도 나온다. 시장 분석업체 야덴니리서치 에드 야덴니...,네이버뉴스,https://n.news.naver.com/mnews/article/001/0015465572?sid=101,2025-06-23 23:16:00+09:00,2025-06-24 00:31:24.754989
"민선 8기 3년 기회를 사회적 가치로, 도민들 품으로","사다리 금융 등이 있다. 도내 1939세 청년에게 해외대학 연수 경험을 제공하는 경기청년 사다리... 기회사다리금융 등 다양한 정책들이 경기도 청년들의 꿈을 지원하고 있다. 또, 민선 8기 경기도는 그동안 정책...",네이버뉴스,https://www.m-economynews.com/news/article.html?no=56126,2025-06-23 23:16:00+09:00,2025-06-24 00:31:24.754989
"푸틴, 이란 외무장관 만나 quot미국 공습, 정당성 없다quot","지난 1월 포괄적 전략적 동반자 조약을 체결한 양국은 국방, 에너지, 금융 등 다양한 분야에서 협력 공간을 키우고 있다. 다만 이 조약에는 상호 간 군사 지원을 제공하는 내용은 포함되지 않았다.",네이버뉴스,https://n.news.naver.com/mnews/article/469/0000872041?sid=104,2025-06-23 23:11:00+09:00,2025-06-24 00:31:24.754989
세계서 보는 금융정보 단말기 좌천을 기회 삼은 블룸버그이준일의 세...,금융정보 단말기인 블룸버그 터미널은 전 세계 금융기관이 경제 상황 모니터링과 분석을 위해 필수적으로 사용하는 표준 툴이다. 연간 사용료가 금융사 대리급에 달해 블대리라는 별명도 가지고 있다. 이...,네이버뉴스,https://n.news.naver.com/mnews/article/020/0003643214?sid=110,2025-06-23 23:10:00+09:00,2025-06-24 00:31:24.754989
첫 수보회의 주재중동사태 경제 여파 점검,"이재명 대통령 quot대통령실을 비롯해서 전 부처가 비상 대응 체계를 갖춰서 비상한 대응을 해야 될 것으로 생각이 됩니다.quot 외환, 금융시장도 불안정해지고 있다며 경제 불확실성이 확장되지 않도록 잘 관리해달라고...",네이버뉴스,https://n.news.naver.com/mnews/article/056/0011975387?sid=100,2025-06-23 23:09:00+09:00,2025-06-24 00:31:24.754989
이란 외무장관 만난 푸틴 대통령 quot정당한 이유 없는 침공quot,"러시아와 이란은 지난 1월 포괄적 전략적 동반자 조약을 체결하고 국방, 에너지, 금융 등 다양한 분야에서 협력을 넓히고 있습니다. 다만 이 조약에는 군사 동맹을 구축하거나 상호 군사 지원을 제공하는 내용은 포함되지...",네이버뉴스,https://n.news.naver.com/mnews/article/055/0001269054?sid=104,2025-06-23 23:08:00+09:00,2025-06-24 00:31:24.755985
크립토 선물 동향 비트코인 선물 미결제약정 685억7000만 달러CME 비...,"지난 24시간 동안 비트코인 선물은 2억1245만 달러, 이더리움 선물은 1억3856만 달러가 청산됐다. 이 기사는 금융 자문을 제공하지 않으며, 투자 결과에 대한 책임은 투자자 본인에게 있습니다.",네이버뉴스,https://www.tokenpost.kr/news/cryptocurrency/260271,2025-06-23 23:04:00+09:00,2025-06-24 00:31:24.755985
"단신 평창군, 2025년 도로점용 사용료 정기분 233건 9,300만원 부과","납부 방법은 금융기관을 방문해 고지서로 내거나 고지서 없이 전자납부번호 및 가상계좌를 이용하여 텔레뱅킹 또는 폰뱅킹, 위택스(www.wetax.go.kr)와 인터넷 지로(www.giro.or.kr) 등으로 납부 가능하다.",네이버뉴스,https://n.news.naver.com/mnews/article/087/0001124937?sid=102,2025-06-23 23:03:00+09:00,2025-06-24 00:31:24.755985
주춘렬 칼럼 진보정권의 부동산 악몽 끝내야,문 정부는 주택공급이 충분하다는 착각에 빠져 25차례에 걸쳐 세제금융규제를 망라한 고강도 대책을 내놨다. 종부세와 양도소득세 등 징벌적 과세는 강도를 더해갔고 다주택자를 투기꾼으로 몰아 핍박했다. 임기 내내...,네이버뉴스,https://n.news.naver.com/mnews/article/022/0004045914?sid=110,2025-06-23 23:03:00+09:00,2025-06-24 00:31:24.755985
"3쿠션 4대천왕 무너졌다... 초클루, 산체스 잡고 PBA투어 2번째 정상","초클루는 23일 오후 9시 경기도 고양시 킨텍스 PBA 스타디움에서 열린 우리금융캐피탈 PBALPBA 챔피언십 PBA 결승전서 산체스를 세트스코어 41(1512, 1511, 158, 615, 154)로 꺾고 우승 트로피를 들어올렸다. 초클루는...",네이버뉴스,https://sports.hankooki.com/news/articleView.html?idxno=6901824,2025-06-23 23:02:00+09:00,2025-06-24 00:31:24.755985
"기보, 혁신적 리스크관리체계 리스케어 본격 추진","특히 기보는 정책금융기관 최초로 머신러닝 알고리즘을 전면적으로 반영한 부실예측모형을 도입... 철학을 조직문화와 업무 프로세스 전반에 반영, 실효성 있는 정책금융 지원 체계를 완성해 나갈 것quot이라고 밝혔다.",네이버뉴스,https://www.getnews.co.kr/news/articleView.html?idxno=827687,2025-06-23 23:02:00+09:00,2025-06-24 00:31:24.755985
전국 최초로 원주에 기후위기 취약계층 전담기관,"신병근 센스빌플러스 대표, 강대훈 IBK기업은행 원주지점장, 정병훈 iM뱅크 원주금융센터장, 서울연탄교회나눔의교회 강정칠 연탄은행전국협의회 사무총장, 정해찬 연탄은행전국협의회 운영위원회 부회장은 후원금 등을...",네이버뉴스,https://n.news.naver.com/mnews/article/087/0001124920?sid=102,2025-06-23 23:00:00+09:00,2025-06-24 00:31:24.755985
"918마력 전기 SUV, 예능에 떴다, 로터스 엘레트라 R 미우새 등장","신차 구매 시와 마찬가지로 현금 및 금융 프로그램 모두 이용할 수 있으며, 대상 상품 모두 로터스자동차코리아의 공식 품질 검사를 통과하며 신뢰도를 갖췄다. 로터스자동차코리아 관계자는 quot이번 방송 협찬은...",네이버뉴스,https://www.autodaily.co.kr/news/articleView.html?idxno=532548,2025-06-23 22:56:00+09:00,2025-06-24 00:31:24.755985
한류 30주년 K콘텐츠 수익성 개선유통망 확장에 주목할 때콘텐츠...,"IMF 금융위기 여파로 일본 드라마의 대체재로 한국 드라마가 부상했고, 방송사가 기용한 상사맨의 활약으로 수출망도 구축됐다. 하지만 2009년 초고속 인터넷 시대가 펼쳐지면서 방송사 유통망이 사라졌다. 그후 10년이...",네이버뉴스,https://n.news.naver.com/mnews/article/014/0005367134?sid=103,2025-06-23 22:55:00+09:00,2025-06-24 00:31:24.755985
사실상 전쟁 상태에증시원유비트코인 출렁인다,23일 금융시장이 크게 출렁거렸다. 달러당 원화값은 하루 새 18원가량 하락했으나 허니문 랠리를... 한편 김병환 금융위원장은 이날 긴급점검회의를 열고 작은 변동성에도 경각심을 갖고 시장 안정에 총력을...,네이버뉴스,https://n.news.naver.com/mnews/article/009/0005513581?sid=101,2025-06-23 22:55:00+09:00,2025-06-24 00:31:24.755985
"푸틴, 이란 외무 만나 quot정당한 이유 없는 침략quot지원은 글쎄",이란과 러시아는 지난 1월 포괄적 전략적 동반자 조약을 체결하고 국방에너지금융 등 여러 분야에서 협력하고 있다. 이란 정권은 러시아에 군용 드론(무인기)을 제공해 우크라이나 침공을 돕기도 했다. 이날...,네이버뉴스,https://n.news.naver.com/mnews/article/008/0005211524?sid=104,2025-06-23 22:53:00+09:00,2025-06-24 00:31:24.755985
이재명 대통령 quot5200만 배 책임감으로 국정 임할 것quot,李 대통령은 quot외환금융자본시장의 불안정성이 커진 상황에서 추가 위험 확산을 막는 신속한 대응이 필요하다quot고 밝혔다. 이어 quot물가와 유가 상승이 국민 부담을 가중시키고 있는 만큼 실효성 있는 대책이 시급하다quot고...,네이버뉴스,http://www.joongang.tv/news/articleView.html?idxno=147134,2025-06-23 22:52:00+09:00,2025-06-24 00:31:24.755985
증권가 미래에셋증권 NH투자증권 한화투자증권 DB증권 키움증권 SK증권,"DB증권 강남금융센터, 26일 전문가 초청 세미나 ㅣ DB증권 DB증권 강남금융센터는 오는 26일 오후 7시부터 10층 세미나실에서 전문가 초청 투자 세미나를 개최한다고 23일 밝혔다. 이번 세미나는 최근과 같이...",네이버뉴스,http://www.biztribune.co.kr/news/articleView.html?idxno=335974,2025-06-23 22:52:00+09:00,2025-06-24 00:31:24.755985
기보 리스크관리 안전성 높인 리스케어 추진,정책금융기관으로서의 역할을 더욱 강화하기 위해서 리스크관리체계의 지속적인 고도화가 필요하다quot며 quot기보는 리스케어 철학을 조직문화와 업무프로세스 전반에 반영해 실효성 있는 정책금융 지원체계를 완성하겠다...,네이버뉴스,https://www.safetimes.co.kr/news/articleView.html?idxno=231980,2025-06-23 22:52:00+09:00,2025-06-24 00:31:24.755985
"장중 3,000선 내준 코스피...1,380원까지 치솟은 환율","미국의 이란 공격 소식은 우리 금융시장을 출렁이게 했습니다. 지난주 3,020선에 도달했던 코스피가 장 초반 3천 선을 내줬고, 원달러 환율은 10원 이상 올라 1,380원대로 올라섰습니다. 류환홍 기자가 보도합니다....",네이버뉴스,https://n.news.naver.com/mnews/article/052/0002209727?sid=101,2025-06-23 22:51:00+09:00,2025-06-24 00:31:24.755985
李대통령 quot중동 상황 대비해 비상대응 체제 갖춰야quot,"이어 이 대통령은 우선 quot불확실성 확대 때문에 경제 상황, 특히 외환, 금융, 자본시장이 상당히 많이 불안정해지고 있다quot면서 quot필요한 조치들을 최대한 찾아내서 신속하게 조치해 주시기를 바라고, 경제의 불확실성이 더...",네이버뉴스,https://www.ccdailynews.com/news/articleView.html?idxno=2350955,2025-06-23 22:48:00+09:00,2025-06-24 00:31:24.755985
"트럼프, 에너지부에 quot지금 당장 시추작업 시작하라quot",본 기사는 인포맥스 금융정보 단말기에서 22시 42분에 서비스된 기사입니다.,네이버뉴스,https://news.einfomax.co.kr/news/articleView.html?idxno=4361587,2025-06-23 22:48:00+09:00,2025-06-24 00:31:24.755985
"푸틴, 이란 외무장관 만나 quot미국 공습, 정당성 없어quot","러시아와 이란은 지난 1월 포괄적 전략적 동반자 조약을 체결하고 국방과 에너지, 금융 등 다양한 분야에서 협력을 넓히고 있지만 상호 군사 지원을 제공하는 내용은 포함돼 있지 않습니다.",네이버뉴스,https://n.news.naver.com/mnews/article/052/0002209724?sid=104,2025-06-23 22:47:00+09:00,2025-06-24 00:31:24.755985
"전북특별법 개정 1년여, 도민 체감 특례사업 본격화","특히 오는 7월에 전북혁신도시가 전국 최초로 광역단위 핀테크 육성지구로 지정될 예정으로, 금융 데이터 분석, 블록체인 기반 기술산업, 관련 기업 집적화를 유도할 미래산업 생태계 조성이 기대된다. 그 외에도...",네이버뉴스,http://www.enewstoday.co.kr/news/articleView.html?idxno=2293773,2025-06-23 22:47:00+09:00,2025-06-24 00:31:24.755985
"KB국민은행, 한국무역보험공사와 수출입기업 금융지원 MOU",KB국민은행은 300억 원을 특별 출연해 약 4600억 원 규모의 수출입기업을 위한 금융지원에 나선다. 또 운전자금대출 및 외화지급보증 등 다양한 금융 서비스를 수출입기업에게 제공한다. 한국무역보험공사는 KB국민은행이...,네이버뉴스,https://n.news.naver.com/mnews/article/382/0001205581?sid=101,2025-06-23 22:46:00+09:00,2025-06-24 00:31:24.755985
"경평發 李 정부 낙하산 신호탄인가 HUG 사장, 2년 연속 낙제에 전격 ...",E등급을 받은 기관은 한국광해광업공단 우체국금융개발원 한국관광공사 한국환경산업기술원 등 4곳으로 집계됐다. E등급을 받았거나 2년 연속 D등급을 받은 기관은 해임 대상이 될 수 있다. 또한 D등급 이하...,네이버뉴스,https://biz.newdaily.co.kr/site/data/html/2025/06/23/2025062300487.html,2025-06-23 22:46:00+09:00,2025-06-24 00:31:24.755985
"암호화폐 ETP, 연초 이후 20조 원 유입비트코인 약세에도 매수세 지속","중동 지역의 긴장 고조로 금융 시장 전반이 불안정한 흐름을 보였지만, 글로벌 암호화폐 투자펀드는 오히려 견고한 자금 유입을 기록했다. 지난주 암호화폐 상품에는 12억 4,000만 달러(약 1조 7,236억 원)가...",네이버뉴스,https://www.tokenpost.kr/news/cryptocurrency/260269,2025-06-23 22:46:00+09:00,2025-06-24 00:31:24.755985
"quot소호시장에 50대 소비 영향력 확대quot .... 업종 쏠림, 양극화 심화","하나은행 하나금융연구소는 하나카드의 결제 데이터를 기반으로 국내 소호의 세부 업종을 분석한 소비... 김문태 하나금융연구소 연구위원은 quot디지털 전환, 수요 세대 전환 및 세대별 소비 트렌드 변화에 대한 대응책이...",네이버뉴스,http://www.worktoday.co.kr/news/articleView.html?idxno=70010,2025-06-23 22:46:00+09:00,2025-06-24 00:31:24.755985
푸틴 quot이란 침략 정당성 없다quot美이스라엘 직접 언급은 안 해,"지난 1월 포괄적 전략적 동반자 조약을 체결한 러시아와 이란은 국방, 에너지, 금융 등 분야에서 협력하고 있지만 해당 조약에는 군사 동맹을 구축하거나 상호 군사 지원을 제공하는 내용은 포함돼 있지 않다.",네이버뉴스,https://n.news.naver.com/mnews/article/018/0006047192?sid=104,2025-06-23 22:45:00+09:00,2025-06-24 00:31:24.755985
"하나금융연구소, 소비 환경 변화에 따른 소호 업종 점검 보고서 발간","하나은행 하나금융연구소는 하나카드의 결제 데이터를 기반으로 국내 소호의 세부 업종을 분석한 소비... 김문태 하나금융연구소 연구위원은 quot디지털 전환, 수요 세대 전환 및 세대별 소비 트렌드 변화에 대한 대응책이...",네이버뉴스,https://www.datasom.co.kr/news/articleView.html?idxno=204898,2025-06-23 22:40:00+09:00,2025-06-24 00:31:24.755985
中 관영지 위안화 스테이블코인 서둘러야국제 경쟁 속 위기감 표...,증권시보는 이어 스테이블코인을 규제 사각지대에서 무질서하게 발전하도록 내버려두게 되면 국가 금융... 중국국제금융공사(CICC) 애널리스트들도 이날 분석 보고서에서 스테이블코인은 미 달러 결제에 드는 자본...,네이버뉴스,https://n.news.naver.com/mnews/article/018/0006047190?sid=104,2025-06-23 22:39:00+09:00,2025-06-24 00:31:24.755985
노던트러스트 주가 6 급등美 투자자산 업계 초대형 MampA 촉각,"양사에 금융권 재편이라는 장기적 추세를 상기시키는 계기가 되면서, 다른 대형 투자은행이나 자산운용사들 간 추가적인 MampA 가능성도 조심스레 거론된다. 현재까지 양사는 공식 입장을 내놓지 않고 있으나, 금융...",네이버뉴스,https://www.tokenpost.kr/news/market/260258,2025-06-23 22:34:00+09:00,2025-06-24 00:31:24.755985
"은행연합회, 이창용 한은 총재 초청 은행장 간담회 개최","컨슈머타임스김지훈 기자 은행연합회가 한국은행과의 소통을 강화하고 금융현안을 깊이 이해하기 위해... 또한 가계부채 관리, 실물경제 지원, 금융시장 안정 등 은행산업 주요 현안에 대해 다양한 의견을 교환했다....",네이버뉴스,https://www.cstimes.com/news/articleView.html?idxno=653156,2025-06-23 22:34:00+09:00,2025-06-24 00:31:24.755985
"AI 데이터 품질 스타트업 콸리틱스, 1,000만 달러 투자 유치BMW도 베팅","콸리틱스는 해당 흐름에 올라탄 유망주로, 최근 미국 주요 금융 기업 중 한 곳을 고객으로 확보했고, 데이타브릭스, 스노우플레이크, SQL 서버, 오라클 등 주요 플랫폼과의 호환성도 빠르게 구축 중이다. 콸리틱스...",네이버뉴스,https://www.tokenpost.kr/news/tech/260260,2025-06-23 22:34:00+09:00,2025-06-24 00:31:24.755985
"BNK경남은행, 전 영업점 무더위 쉼터 조성 운영",최대식 사회공헌홍보부 부장은 quot지역민과 고객들이 BNK경남은행 영업점에서 금융 업무에 상관없이 편안하게 쉬어 갈 수 있도록 무더위 쉼터를 운영하고 있다. 특히 외부에서 일하는 지역민들 그리고 노인 모두가...,네이버뉴스,http://www.gnmaeil.com/news/articleView.html?idxno=565736,2025-06-23 22:32:00+09:00,2025-06-24 00:31:24.755985
"이준석, quot李정부 쿠폰 경제 빚 내서 지원 남발 국가 경제 실험 아냐...","이 의원은 quot이 정책은 사회 전반에 도덕적 해이를 양산할 수밖에 없고, 물가 안정과 신용 질서의 기반을 뿌리부터 흔드는 위험한 접근quot이라며 quot아무리 선의를 포장하더라도, 금융의 신뢰를 무너뜨리는 방식으로는...",네이버뉴스,https://n.news.naver.com/mnews/article/656/0000137455?sid=100,2025-06-23 22:21:00+09:00,2025-06-24 00:31:24.755985
"우슈어, 에이전틱 AI 시대 연다규제 산업 맞춤형 플랫폼 출시","AI 기반 고객 서비스 자동화 스타트업 우슈어(Ushur)가 의료보험금융 등 고도로 규제된 산업군을 위한... 우슈어 인텔리전스는 의료, 보험, 금융 산업에 최적화된 AI 에이전트를 사전 탑재해 조직별 맥락에 맞는...",네이버뉴스,https://www.tokenpost.kr/news/ai/260254,2025-06-23 22:20:00+09:00,2025-06-24 00:31:24.755985
"하나은행, 중동 리스크 대응중소기업에 11.3조원 긴급 금융지원",금융지원에 나선다. 하나은행 사진연합뉴스 이호성 은행장은 환율유가금리 변동에 따른 시장 영향 점검 후 유동성 신속 지원 특별프로그램(2조원)과 기존 대출 한도 확대(총 9조3천억원)를 결정했다. KB금융...,네이버뉴스,https://www.betanews.net/article/view/beta202506230084,2025-06-23 22:20:00+09:00,2025-06-24 00:31:24.755985
아파트값 급등하자 뚝 떨어진 전세가율,"부동산R114가 23일 서울 25개 자치구 아파트 157만 가구(임대 제외)의 평균 가격을 표본 분석한 결과, 올해... 한국부동산원 주간아파트가격동향에 따르면 6월 셋째 주(16일 기준) 아파트 매매수급지수는 102.8로...",네이버뉴스,https://n.news.naver.com/mnews/article/005/0001785103?sid=101,2025-06-24 00:29:00+09:00,2025-06-24 00:31:24.877064
미국 5월 주택 거래 전월 대비 0.8 상승...고금리로 인해 정체,"미국 부동산 중개인 협회(NAR)는 5월 미국 기존 주택 매매 건수가 403만 건(계절조정 연율 환산 기준)으로 전월 대비 0.8 증가했고, 1년 전보다는 0.7 감소했다고 밝혔습니다. 미국의 경기 둔화 우려가 커진 가운데 연초...",네이버뉴스,https://n.news.naver.com/mnews/article/052/0002209771?sid=104,2025-06-24 00:25:00+09:00,2025-06-24 00:31:24.877064
"J리그 득점왕 출신 브라질 前국대, 혼외자 6명 중 1명 양육비 미지급...",조는 브라질의 한 방송 프로그램을 통해 체포된 상황에 대해 quot양육비 마련을 위해 부동산 매각 절차를 마치고 오다가 잡혔다. 양육비는 내가 현역 시절 설정된 터무니 없는 액수다. 지금은 나의 자금 상태가 많이...,네이버뉴스,https://m.sports.naver.com/kfootball/article/108/0003340760,2025-06-24 00:21:00+09:00,2025-06-24 00:31:24.877064
이란 핵시설 공습 후 뉴욕 증시 혼조세유가는 상승세 유지,"유틸리티는 0.9, 에너지와 부동산은 각각 0.8, 필수소비재는 0.5 오른 반면, 통신서비스는 0.3, 기술주는 0.1 하락하고 있다. 개별 종목으로는, 핀테크 업체 피서브가 연내 은행 고객 대상 스테이블코인 및 디지털 자산...",네이버뉴스,https://www.cbci.co.kr/news/articleView.html?idxno=506564,2025-06-24 00:20:00+09:00,2025-06-24 00:31:24.877064
시론 부동산시장 왜곡해 온 똘똘한 한 채 유도 정책,부동산시장에 강남발 태풍이 불고 있다. 지난 몇 년의 공급 부족과 수요 쏠림의 결과가 지금 우리 삶을 덮칠... 기고는 본지의 편집 방향과 다를 수 있습니다. 김진유 경기대 도시교통공학과 교수한국부동산분석학회 회장,네이버뉴스,https://n.news.naver.com/mnews/article/025/0003450069?sid=110,2025-06-24 00:18:00+09:00,2025-06-24 00:31:24.877064
"로봇산업용협동로봇 관련주, 덩실덩실 케이엔알시스템로보스타...","통해 반도체, 2차전지소재 등 고도화된 기술을 기반으로 사업을 영위하고 있다. 이외에도 팹리스, 로보틱스 등 미래 신사업과 부동산 자산개발, 벤처 투자 등 투자 부문을 통해 포트폴리오 다각화를 추진 중이다.",네이버뉴스,http://www.finomy.com/news/articleView.html?idxno=231880,2025-06-24 00:16:00+09:00,2025-06-24 00:31:24.877064
힐스테이트 메디알레 청약홈 줍줍 시작...신청조건과 분양가는?,"부동산, 아파트 단지 모습 (사진국제뉴스 DB) 서울 은평구 대조동 힐스테이트 메디알레의 무순위 청약일정(줍줍)이 공개됐다. 23일 업계에 따르면 이 단지는 일반분양 483가구 중 당첨자가 계약을 포기한 109가구에...",네이버뉴스,https://www.gukjenews.com/news/articleView.html?idxno=3306419,2025-06-24 00:10:00+09:00,2025-06-24 00:31:24.877064
"사설 자고 나면 신고가에 벼락거지 공포, 주거 안정 손 놓았나",그럼에도 새 정부의 부동산 대책은 깜깜 무소식이다. 오히려 국정기획위원회는 국토교통부에 부동산 가격을 잡겠다고 신도시를 만드는 대책은 안 만들면 좋겠다고 주문했다고 한다. 방향은 맞을지 몰라도 시장엔...,네이버뉴스,https://n.news.naver.com/mnews/article/469/0000872045?sid=110,2025-06-24 00:10:00+09:00,2025-06-24 00:31:24.877064
"해운 관련주, 룰루랄라 콧노래 대한해운흥아해운STX그린로지스H...","아시아지역 내에서의 액체 석유화학제품의 해상운송을 주업으로 하고 있으며, 그 외 부동산 임대업을 영위하고 있다. 종속기업으로 선원선박관리업을 영위하는 흥아마린(주)과 종합 물류업체인 (주)...",네이버뉴스,http://www.finomy.com/news/articleView.html?idxno=231877,2025-06-24 00:10:00+09:00,2025-06-24 00:31:24.877064
올림픽파크포레온(둔촌주공) 줍줍 실거주 청약조건과 분양가 떴다,"부동산, 아파트 단지 모습 (사진국제뉴스 DB) 서울 강동구 둔촌동 1만2032채 규모의 올림픽파크포레온(옛 둔촌주공아파트)에서 무순위 청약(줍줍) 일정이 떴다. 23일 업계에 따르면 한국부동산원 청약홈에서...",네이버뉴스,https://www.gukjenews.com/news/articleView.html?idxno=3306426,2025-06-24 00:10:00+09:00,2025-06-24 00:31:24.877064
띠별 오늘의 운세 재물운 및 금전운(6월24일),"특히 부동산 경매에서 유리하게 작용할 가능성이 큽니다. 조언 한 번 정한 목표는 포기하지 마세요. 행운의 색 금색 행운의 숫자 1 성공 확률 90 뱀띠 경매운 다소 복잡한 경쟁 구도가 예상되지만, 계획을 잘 세운다면...",네이버뉴스,https://www.cbci.co.kr/news/articleView.html?idxno=506459,2025-06-24 00:02:00+09:00,2025-06-24 00:31:24.877064
"울산시, 제3기 부동산 아카데미 개최",울산시는 23일 시청 본관 2층 대강당에서 시민과 소통하는 제3기 부동산 아카데미를 개최했다. 아카데미는 정부의 다양한 부동산 정책과 부동산 거래사고를 예방할 수 있는 정보를 공유해 서민들의 주거 안정에 도움을...,네이버뉴스,https://www.ksilbo.co.kr/news/articleView.html?idxno=1030217,2025-06-24 00:02:00+09:00,2025-06-24 00:31:24.877064
"이재명 대통령의 첫 내각 인선 발표, 11개 부처에서 장관직 확정 기획재...","산업통상자원부는 기후에너지부 신설 문제 등 조직개편 이슈가 얽혀 있으며, 국토교통부는 부동산 문제 대응 등 시급한 현안이 있어 인선에 신중을 기할 수밖에 없다는 관측도 나오고 있다. 경제부처 외에도 법무부와...",네이버뉴스,https://www.cbci.co.kr/news/articleView.html?idxno=506520,2025-06-24 00:02:00+09:00,2025-06-24 00:31:24.877064
6월24일 오늘의 운세띠별별자리 총정리,"22일26일 조상, 산소, 농장, 골동품, 가족모임, 부동산, 땅과 관련 된 일들이 발생하고 금전 이익으로... 관련, 부동산, 땅과 관련 된 일들에 관심을 갖고 금전적 이익과 안정감을 추구하는 시기입니다. 동업자, 배우자...",네이버뉴스,http://www.namdonews.com/news/articleView.html?idxno=824130,2025-06-24 00:02:00+09:00,2025-06-24 00:31:24.877064
"집값 진단 더 정밀하게서울시, 부동산 모니터링 대폭 강화",아파트 실주소 확보해 갭투자주담대 분석 서울시가 부동산 시장 과열에 대응해 부동산 시장 모니터링 체계 개편안을 마련했다. 가격거래량매물량뿐만 아니라 주택금융 정보까지 분석 대상에 포함해 부동산 시장을...,네이버뉴스,https://n.news.naver.com/mnews/article/629/0000400979?sid=102,2025-06-24 00:01:00+09:00,2025-06-24 00:31:24.877064
"美 주택거래, 7 고금리에 5월 들어서도 정체전월 대비 0.8",미 부동산중개인협회(NAR)는 5월 미국 기존주택 매매 건수가 403만건(계절조정 연율 환산 기준)으로 전월 대비 0.8 증가했다고 23일(현지시간) 밝혔다. 1년 전과 비교해서는 0.7 감소했다. 미국의 경기 둔화 우려가 커진...,네이버뉴스,https://n.news.naver.com/mnews/article/001/0015465580?sid=101,2025-06-23 23:58:00+09:00,2025-06-24 00:31:24.877064
기자의 시각 새벽 인력시장에서 본 절망,"갭 투자에 나섰다가 고(高)금리 장기화와 부동산 침체 등 경기 악화의 직격탄을 맞은 것이다. 경제성장률 0대, IMF 이후 최대 폭의 공사 실적 감소 등 경제 지표는 냉혹한 현실임을 체감했다. 그래서 정부는 20조원 규모의...",네이버뉴스,https://n.news.naver.com/mnews/article/023/0003912754?sid=110,2025-06-23 23:57:00+09:00,2025-06-24 00:31:24.877064
민생회복지원금 스테이블 코인이나 CBDC로 사용하게 될까?,"지난 21년 11월 14일 당시 이재명 대선후보는 부동산 개발이익 가상자산 공유에 대해 투자한 국민에게 정부가 보증하는 가상자산을 배당하고, 이를 화폐로 사용할 수 있도록 하겠다며 CBDC와 연계하는 방안도 고려 중임을...",네이버뉴스,http://www.paxetv.com/news/articleView.html?idxno=236725,2025-06-23 23:56:00+09:00,2025-06-24 00:31:24.878063
"quot광고 안 하면 망한다quot 숙박업계, 중개플랫폼 수수료에 절규","그는 quot카드 수수료가 3, 부동산 중개 수수료가 0.3인데 플랫폼은 총 30 이상을 가져간다quot며 quot강남 아파트 30억원 팔았는데 중개료 10억원 나간 셈quot이라고 비유했다. 정 회장은 또 quot플랫폼 내 경쟁 과열로 광고비가...",네이버뉴스,https://www.newscj.com/news/articleView.html?idxno=3284915,2025-06-23 23:56:00+09:00,2025-06-24 00:31:24.878063
"뉴욕증시, 이란 핵시설 공습 여파 속 혼조세 출발","유틸리티(0.9), 에너지와 부동산(각 0.8), 필수소비재(0.5) 등이 상승한 반면, 통신서비스(0.3)와 기술주(0.1)는 소폭 약세다. 종목별로는 핀테크 기업 피서브가 은행 고객 대상으로 연내 디지털 자산 플랫폼과...",네이버뉴스,https://n.news.naver.com/mnews/article/366/0001087292?sid=104,2025-06-23 23:45:00+09:00,2025-06-24 00:31:24.878063
"미국 뉴욕증시, 중동 긴장 속 나스닥 상승 출발테슬라 급등엔비디아...","시장 전체적으로는 유틸리티, 에너지, 부동산, 필수소비재 업종이 두루 강세를 보이는 가운데, 통신서비스와 기술주는 소폭 하락세를 보이며 대조적인 흐름을 나타냈다. 이는 방어적 섹터와 경기민감 섹터가 동반...",네이버뉴스,https://www.topstarnews.net/news/articleView.html?idxno=15706559,2025-06-23 23:32:00+09:00,2025-06-24 00:31:24.878063
"전북도, 특별법 특례사업 실행 속도3조6천억 규모 사업 추진","향후에는 부동산 간접투자, 국제회의 산업, 신재생에너지 발전지구, 수상레저, 정보통신 창업 등 신산업 분야로의 확대도 예상된다. 전북도는 특례 실행과 연계한 사업 확장을 통해 국가재정 확보 및 산업기반 강화를...",네이버뉴스,https://www.onews.tv/news/articleView.html?idxno=249019,2025-06-23 23:18:00+09:00,2025-06-24 00:31:24.878063
"광주시, 4807억 추경 편성65가 지방채 논란","강 시장은 2조원을 웃도는 기존 부채에 대해 코로나19 이후 국내 경기성장이 둔화되면서 부동산 취득세 등 지방세 수입이 감소하고,윤석열 정부 2년 동안 보통교부세 1759억원이 줄어드는 등의 영향이 컸다면서...",네이버뉴스,http://www.kwangju.co.kr/article.php?aid=1750685400785721277,2025-06-23 23:18:00+09:00,2025-06-24 00:31:24.878063
"오늘과 내일정원수뽀대보다 실용 검찰 개혁, 이번엔 다를까",오 전 수석은 부동산 차명 관리 의혹이라는 신상 문제로 검찰 개혁엔 손도 대지 못하고 임명 닷새 만에 낙마했다. 하지만 대통령실은 여전히 검사 출신 고위 전관을 다음 민정수석 후보군의 하나로 검토하고 있다고...,네이버뉴스,https://n.news.naver.com/mnews/article/020/0003643218?sid=110,2025-06-23 23:18:00+09:00,2025-06-24 00:31:24.878063
"강서구, 지하철역서 전세피해 예방 캠페인 벌여",사업 신탁부동산 임대차 계약 시 주의사항 HUG 안심전세앱 설치 안내 단계별 안전한 임대차 계약 유의사항 등이 담겼다. 사회초년생과 신혼부부 등에게 실질적인 도움을 줄 수 있는 다양한 정보가 포함돼 부동산...,네이버뉴스,https://n.news.naver.com/mnews/article/028/0002752462?sid=102,2025-06-23 23:18:00+09:00,2025-06-24 00:31:24.878063
"올댓차이나 홍콩 증시, 미중 금융완화 기대에 상승 마감H주 0.82","43, 부동산주 선훙카이 지산 4.12, 청쿵실업 3.04, 카오룽창 치업 3.03, 링잔 3.01, 의약품주 중국생물 제약 3.41, 물류주 둥팡해외 국제 3.30, 마카오 카지노주 인허오락 3.12 급등했다. 부동산주 항룽지산도 2....",네이버뉴스,https://n.news.naver.com/mnews/article/003/0013320133?sid=104,2025-06-23 23:16:00+09:00,2025-06-24 00:31:24.878063
"뉴욕증시, 중동 전면전 우려에도 혼조 출발이란 보복 가능성 주시","유틸리티가 0.9, 에너지와 부동산이 0.8, 필수소비재가 0.5 상승하고 있는 반면, 통신서비스는 0.3, 기술은 0.1 하락 중이다. 종목별로는 핀테크 기업 피서브가 연내 은행 고객을 위한 스테이블코인 및 디지털 자산...",네이버뉴스,https://n.news.naver.com/mnews/article/001/0015465572?sid=101,2025-06-23 23:16:00+09:00,2025-06-24 00:31:24.878063
가까운 사이일수록 커지는 시기심 질투 받는다면 우월감 즐겨라강용...,"가령 유명 연예인이 큰돈을 벌어 집을 샀다는 소식에는 무심하지만, 직장 동료가 부동산으로 대박을 냈다고 하면 시샘하게 되는 것이다. 그렇다면 누가 가장 시기심을 많이 느낄까? 사촌이 땅을 사면 배가 아프다는...",네이버뉴스,https://n.news.naver.com/mnews/article/020/0003643213?sid=110,2025-06-23 23:10:00+09:00,2025-06-24 00:31:24.878063
주춘렬 칼럼 진보정권의 부동산 악몽 끝내야,나도 부동산만은 잡겠다. 20여년 전 노무현 전 대통령이 취임 1년 만에 다락같이 오른 강남 집값을 언급하며 참모진들에게 했던 말이라고 한다. 노무현정부는 부동산 투기를 사회적 암으로 보고 수요를 죽이는 대책을...,네이버뉴스,https://n.news.naver.com/mnews/article/022/0004045914?sid=110,2025-06-23 23:03:00+09:00,2025-06-24 00:31:24.878063
"나영석 PD, 지석진 말 안 들어 20억 손해대체 뭐 때문에?",이에 지석진은 quot내가 부동산에 엄청 평생 관심을 갖고 있다. 부동산 이야기를 함께 하다가 영석아 부동산 하려면 앞으로 10년 뒤에 개발될 곳을 지금 싸게 살 수 있으니 그걸 사놔라. 그리고 현금은 가치가 떨어지니까...,네이버뉴스,https://m.entertain.naver.com/article/117/0003956884,2025-06-23 23:00:00+09:00,2025-06-24 00:31:24.878063
"전북특별법 개정 1년여, 도민 체감 특례사업 본격화","향후 부동산 간접투자 활성화와 국제회의 산업 육성, 신재생에너지 발전지구, 수상레저와 정보통신 창업 등 신산업 분야로도 확대될 전망이다. 이와 함께 전북자치도는 특례 실행과 연계한 사업 확장을 통해 국가 재정을...",네이버뉴스,http://www.enewstoday.co.kr/news/articleView.html?idxno=2293773,2025-06-23 22:47:00+09:00,2025-06-24 00:31:24.878063
"quot소호시장에 50대 소비 영향력 확대quot .... 업종 쏠림, 양극화 심화",소호 시장의 변화가 부동산 및 온라인 마케팅 수요에 미치는 영향 디지털 전환으로 인해 모객의 중심이 오프라인에서 온라인으로 변화하고 있다. 과거 부동산 입지는 소비자 모객에 가장 큰 영향력을 행사하는...,네이버뉴스,http://www.worktoday.co.kr/news/articleView.html?idxno=70010,2025-06-23 22:46:00+09:00,2025-06-24 00:31:24.878063
"하나금융연구소, 소비 환경 변화에 따른 소호 업종 점검 보고서 발간",과거 부동산 입지는 소비자 모객에 가장 큰 영향력을 행사하는 요인이었다. 입지가 좋은 상가는 강력한 모객력에 기인한 매출 창출 효과로 높은 임대료와 매매가를 유지할 수 있었다. 하지만 이커머스 및 배달 플랫폼...,네이버뉴스,https://www.datasom.co.kr/news/articleView.html?idxno=204898,2025-06-23 22:40:00+09:00,2025-06-24 00:31:24.878063
"정치문법 김민석 청문회, 파파돈에서 증인실종까지리더십 시험대...","오광수 초대 민정수석이 배우자 차명 부동산 관리 의혹으로 사퇴한 데 이어 총리 인사까지 흔들릴 경우, 이재명 정부의 리더십은 심각한 타격을 입을 수 있다. 또한 여권 내부 결속 뿐 아니라 향후 내각 인선 전체에 부정적...",네이버뉴스,https://www.ntoday.co.kr/news/articleView.html?idxno=116828,2025-06-23 22:36:00+09:00,2025-06-24 00:31:24.878063
"상인 푸르지오 센터파크 990가구, CR리츠에 통매각",기업구조조정 부동산투자회사(CR리츠)에 매각된다. 23일 국토교통부에 따르면 지난달 말까지 CR리츠 3개가... CR리츠는 여러 투자자로부터 자금을 모아 악성 미분양 주택을 사들여 임대로 운영하다가 부동산 경기가...,네이버뉴스,https://www.idaegu.com/news/articleView.html?idxno=641071,2025-06-23 22:16:00+09:00,2025-06-24 00:31:24.878063
국민연금공단 올해의 연기금상글로벌 부동산 투자자상 수상,글로벌 부동산 투자자상을 수상했다. 이번 수상에 대해 공단은 quot국민연금이 2024년 15.0의 수익률... IPE 리얼 이스테이트 글로벌 어워즈 2025에서 국민연금기금은 대상 격인 올해의 글로벌 부동산 투자자(Platinum...,네이버뉴스,http://www.seoulwire.com/news/articleView.html?idxno=657149,2025-06-23 22:12:00+09:00,2025-06-24 00:31:24.878063
울산 주택 건설 승인 사업장 57 미착공,부동산 경기 침체 장기화와 건설비 급등으로 울산에서 주택건설사업 승인을 받은 곳 중 절반 이상이 착공하지 않은 것으로 나타났습니다. 울산시에 따르면 지난 4월 말 기준 주택건설사업 승인을 받은 사업장 122곳...,네이버뉴스,https://n.news.naver.com/mnews/article/056/0011975331?sid=101,2025-06-23 22:08:00+09:00,2025-06-24 00:31:24.878063
"한신평, IBK저축은행 등급전망 안정적부정적 하향",및 부동산 PF(프로젝트파이낸싱) 사업성평가 기준 적용에 따른 추가 충당금 적립 등으로 478억원의 순손실이 발생했다quot고 짚었습니다. 아울러 한신평은 quot계속된 적자로 자기자본이 2022년 말 1천680억원에서...,네이버뉴스,http://mbnmoney.mbn.co.kr/news/view?news_no=MM1005590954,2025-06-23 22:06:00+09:00,2025-06-24 00:31:24.878063
울산 전세가 상승 전국 최고물량 부족,심형석우대빵부동산연구소 소장 quot울산의 적정 입주 물량이 (연간) 5천 760가구 정도 되는데요. 올해와 내년 입주하는 물량이 그것보다는 훨씬 적은 양들이 입주하고 있어요. 그게 사실은 전세 가격을 끌어올리는 가장...,네이버뉴스,https://n.news.naver.com/mnews/article/056/0011975328?sid=101,2025-06-23 22:06:00+09:00,2025-06-24 00:31:24.878063
야간 국채선물 반등10년물 7틱 상승,한은은 최근 가계부채 및 수도권 부동산 시장 상황에 대한 경계 수위를 높인 상황이다. 이날 밤에는 미국의 6월 구매관리자지수(PMI) 발표도 예정됐다. 미 국채 금리는 상승세다. 10년물 미 국채금리는 전장대비 1.90bp...,네이버뉴스,https://news.einfomax.co.kr/news/articleView.html?idxno=4361586,2025-06-23 21:58:00+09:00,2025-06-24 00:31:24.878063
부동산 양극화 심화정부 대책에는 냉담,"송원배대구경북 부동산학회 이사 quot지방 부동산 경제를 살리기 위해서는 다주택자 중과세 완화와 또 양도소득세 감면, 대출 규제 완화가 반드시 필요한 절실한 대책입니다.quot 하지만 정부는 부동산 세제 개편에 신중한...",네이버뉴스,https://n.news.naver.com/mnews/article/056/0011975250?sid=101,2025-06-23 21:49:00+09:00,2025-06-24 00:31:24.878063
광주 민간건축 분쟁사기입주자만 등 터진다,"부동산 경기 침체의 영향 때문인지 광주지역에서 민간 건축사업과 관련한 분쟁과 사기 피해가 잇따르고 있다. 광주동부경찰은 지난 19일 광주시 동구 동명동의 오피스텔 ST174쥬네센트로(지하 2층지상 11층, 230세대)...",네이버뉴스,http://www.kwangju.co.kr/article.php?aid=1750680600785713006,2025-06-23 21:48:00+09:00,2025-06-24 00:31:24.878063
"강서구, 전세피해 예방 위한 길거리 캠페인 실시","전세피해지원 사업 정보 등이 담긴 리플릿을 배포하는 방식으로 진행됐다. 사회초년생과 신혼부부 등의 구민들에게 실질적으로 도움이 되는 다양한 정보를 제공하며, 부동산 거래사고를 예방하기 위해 집중적으로 홍보했다.",네이버뉴스,https://www.gukjenews.com/news/articleView.html?idxno=3306472,2025-06-23 21:48:00+09:00,2025-06-24 00:31:24.879123
죽어도 죽지 않는다좀비 주식의 생존법,"유명 여행사가 리츠로 운영하다 지난해 초 한 부동산 개발회사에 넘겼는데, 인수 후 주가가 급락합니다. 여운철스타에스엠리츠 주주연대 대표 quot부실한 기업에 투자하다 보니까 내부에서부터 해서 투자 자금 회수가 좀...",네이버뉴스,https://n.news.naver.com/mnews/article/056/0011975244?sid=101,2025-06-23 21:40:00+09:00,2025-06-24 00:31:24.879123
"국민연금, 글로벌 최고 투자자상 동시 수상 쾌거","이 시상식에서 국민연금기금은 대상 격인 올해의 글로벌 부동산 투자자(Platinum Global Real Estate Investor of Year) 상을 거머쥔 데 이어 포트폴리오 구성 부문에서 최우수상, 아시아태평양 지역 투자자 및...",네이버뉴스,https://www.newscj.com/news/articleView.html?idxno=3284917,2025-06-23 21:34:00+09:00,2025-06-24 00:31:24.879123
국민 59 quot李 대통령 잘한다quot ...TK도 49.8 긍정적 평가,"리얼미터는 quot국정 지지도는 주 초반 주요 7개국(G7) 정상회의와 코스피지수 3,000 돌파 등으로 상승세를 보였으나 주 후반에 김민석 국무총리 후보자 검증 논란, 부동산 시장 과열 등 부정적 이슈가 부각돼 하락세를...",네이버뉴스,https://www.idaegu.co.kr/news/articleView.html?idxno=514094,2025-06-23 21:34:00+09:00,2025-06-24 00:31:24.879123
미리보는 이데일리 신문에너지 동맥 막힐 판중동발 악몽 덮친 ...,"사설주식부동산에 과열 조짐, 유동성 부작용 경계해야 포토중동 분쟁에 환율 급등 호르무즈 봉쇄... 유럽 부동산펀드 1400억 날릴 판 리스크 대비 못한 리스크 대비 기구 166조 비과세 혜택 사라질라...",네이버뉴스,https://n.news.naver.com/mnews/article/018/0006047183?sid=102,2025-06-23 21:33:00+09:00,2025-06-24 00:31:24.879123
상당산성 등산로 초입 민간 개발 갈등 격화,23일 청주시 등에 따르면 부동산 개발업체 A사는 최근 청주시장을 상대로 이곳에 대한 청주도시관리계획(명암지구 지구단위계획) 결정(변경) 및 지형도면승인 고시처분 취소 청구 소송을 제기했다. A사는 quot명암지구 일원...,네이버뉴스,http://www.cctimes.kr/news/articleView.html?idxno=852281,2025-06-23 21:28:00+09:00,2025-06-24 00:31:24.879123
무속 신앙 심취 동거남 돈 펑펑... 50대 여성 대학교수 실형 선고,그는 부인과 이혼 소송 중이던 B씨에게 quot부동산이나 예금자산은 재산분할 대상이 되니 현금화하면 대신 보관해주겠다quot고 속여 범행한 것으로 조사됐다. A씨는 quot천상의 시민권을 취득하게 해주겠다quot고 하는 등...,네이버뉴스,http://www.cctimes.kr/news/articleView.html?idxno=852277,2025-06-23 21:28:00+09:00,2025-06-24 00:31:24.879123
미디어포커스 경북도 외국인 보유 토지 면적 3천630만7천울릉군 ...,배용수 경북도 건설도시국장은 quot외국인 토지 보유 현황과 부동산거래 신고 내용을 주기적으로 관리해 외국인의 토지거래 동향 분석 등 부동산 투기 예방에 힘쓰겠다quot고 말했다.,네이버뉴스,https://www.idaegu.co.kr/news/articleView.html?idxno=514032,2025-06-23 21:14:00+09:00,2025-06-24 00:31:24.879123
인사남양주시,4급 승진 오남읍 김용환 인사과 윤선기 5급 승진 인사과 김병기 교통정책과 김지애 도시정책과 김학진 정보통신과 백희진 시민시장담당관 안상영 부동산관리과 이재화 행정지원과 이태원...,네이버뉴스,http://www.paxetv.com/news/articleView.html?idxno=236719,2025-06-23 21:04:00+09:00,2025-06-24 00:31:24.879123
"검찰, 수십억 불법대출 의혹 농협은행 본점 추가 압수수색",같은 해 4월 농협은행이 부동산임대업을 주 사업으로 하는 서영홀딩스로부터 건축비 대출을 위한 신용보증기금 보증서가 나오지 않았는데도 미리 100억원의 대출을 승인해줬다는 지적이 나왔다. 검찰은 2021년 농협은행...,네이버뉴스,https://n.news.naver.com/mnews/article/031/0000942664?sid=102,2025-06-23 21:02:00+09:00,2025-06-24 00:31:24.879123
이재명 시대에도부동산 광풍?,한국부동산원에 따르면 서울 아파트 매매가격은 6월 16일 기준으로 전주 대비 0.36 뛰면서 문재인정부... 부동산 플랫폼 아실에 따르면 6월 15일 기준 서울 아파트 매물은 7만8610건으로 3개월 전(9만2301건)보다 15가량...,네이버뉴스,https://n.news.naver.com/mnews/article/024/0000098033?sid=101,2025-06-23 21:01:00+09:00,2025-06-24 00:31:24.879123
아파트 쏠림금리 인하 그리고 부동산 시장이 달아오른다,새 정부 집값 좌우할 5대 변수 이재명정부 5년 국정 과제를 설계할 국정기획위원회가 본격적인 활동에 들어가며 부동산 시장 향방을 두고 투자자 관심이 뜨겁다. 과거 진보 정권처럼 부동산 규제를 강화해 집값이 다시...,네이버뉴스,https://n.news.naver.com/mnews/article/024/0000098032?sid=101,2025-06-23 21:01:00+09:00,2025-06-24 00:31:24.879123
경상북도 외국인 보유 토지 면적 3천630만7천,배용수 경북도 건설도시국장은 quot외국인 토지 보유 현황과 부동산거래 신고 내용을 주기적으로 관리해 외국인의 토지거래 동향 분석 등 부동산 투기 예방에 힘쓰겠다quot고 말했다.,네이버뉴스,https://www.ngonews.kr/news/articleView.html?idxno=208733,2025-06-23 20:50:00+09:00,2025-06-24 00:31:24.879123
"롯데건설, 1100억원 규모 회사채 전량 미매각",업계에서는 건설업 침체와 부동산 PF 부실 우려 등이 흥행에 악영향을 준 것으로 분석한다. 특히 최근 롯데건설은 PF 우발채무 부담이 크다는 이유로 무보증사채 신용등급이 기존 A에서 A로 하향 조정되기도 했다....,네이버뉴스,https://www.newsway.co.kr/news/view?ud=2025062320365603867,2025-06-23 20:38:00+09:00,2025-06-24 00:31:24.879123
"사학연금, 경영평가 2년 연속 A등급 달성","아울러, 여의도 TP타워 친환경 재건축을 통해 GRESB(Global Real Estate Sustainability, 글로벌 부동산 실물 자산 지속가능성 평가) 최고 등급(5스타)획득으로 세계 최고 수준 친환경 건축물로 공인받았으며, 보건복지부 주관...",네이버뉴스,https://www.newsway.co.kr/news/view?ud=2025062320100357084,2025-06-23 20:38:00+09:00,2025-06-24 00:31:24.879123
IBK저축은행 신용등급 전망 안정적에서 부정적으로 조정,quot2024년에는 영업자산 축소에 따른 이자수익 감소 및 부동산 PF(프로젝트파이낸싱) 사업성평가 기준 적용에 따른 추가 충당금 적립 등으로 478억원의 순손실이 발생했다quot고 한신평은 설명했다. 연속된 적자는...,네이버뉴스,https://www.getnews.co.kr/news/articleView.html?idxno=827683,2025-06-23 20:36:00+09:00,2025-06-24 00:31:24.879123
市 제3기 부동산아카데미,"시민과 소통하는 제3기 부동산 아카데미가 23일 울산시청 대강당에서 열린 가운데 김두겸 울산시장, 이성룡 시의회 의장, 울산시 공인중개사협회 관계자 등 참석자들이 기념촬영을 하고 있다.",네이버뉴스,http://www.ujeil.com/news/articleView.html?idxno=369121,2025-06-23 20:34:00+09:00,2025-06-24 00:31:24.879123
부고종합23일 이정무 전 건설교통부 장관 별세 등,"0226505121 신승우 건국대 부동산대학원장 부친상 신종균(향년 89세)씨 별세, 김건희씨 남편상, 신승우(건국대 부동산대학원장)신혜선씨 부친상, 김승희씨 시부상, 권효섭(유신 프로젝트지원부 상무)...",네이버뉴스,https://www.safetimes.co.kr/news/articleView.html?idxno=231945,2025-06-23 20:34:00+09:00,2025-06-24 00:31:24.879123
경북도 내 외국인 보유 토지 전국 3번째 많아,배용수 경북도 건설도시국장은 외국인 토지 보유 현황과 부동산거래 신고 내용을 주기적으로 관리해 외국인의 토지거래 동향 분석 등 부동산 투기 예방에 힘쓰겠다고 말했다.,네이버뉴스,https://www.ksmnews.co.kr/news/view.php?idx=547231,2025-06-23 20:32:00+09:00,2025-06-24 00:31:24.880136
기재법무행안국토 핵심부처 장관 남았다... 내각 차기 인선은,"부동산 대책을 다룰 국토교통부 장관 자리도 비어있다. 미국과의 관세협상을 진두지휘할 산업통상자원부의 경우 안덕근 장관 후임 윤곽이 뚜렷하지 않다. 사회부처 가운데 검찰개혁을 이끌 법무부, 재난 예방과 안전...",네이버뉴스,https://n.news.naver.com/mnews/article/469/0000872034?sid=100,2025-06-23 20:31:00+09:00,2025-06-24 00:31:24.880136
"검찰, 한밭 새마을금고 등 압수수색quot전세 사기 재판 관련quot",동양일보 정래수 기자 대전에서 새마을금고 직원과 부동산 브로커 등이 전세사기 불법 대출을 한 정황이 포착됐다. 대전지검은 전세 사기 혐의 재판과 관련해 최근 새마을금고 등을 압수수색했다고 23일 밝혔다....,네이버뉴스,http://www.dynews.co.kr/news/articleView.html?idxno=807961,2025-06-23 20:28:00+09:00,2025-06-24 00:31:24.880136
대전 도안 29지구에 주복아파트 들어서나개발계획 변경안 접수,둔산지구 등에서 이와 유사한 지구단위계획 변경 사례가 나왔다. 유성구 봉명동 일원에서 추진된 봉명2지구의 경우 부동산 경기 침체와 미분양 확산 등을 이유로 오피스텔을 주상복합건물로 변경하기도 했다. 정래수 기자,네이버뉴스,http://www.dynews.co.kr/news/articleView.html?idxno=807938,2025-06-23 20:28:00+09:00,2025-06-24 00:31:24.880136
quot재산 맡아줄게quot ... 이혼 소송 중인 동거남 속여 5억 뜯은 교수 실형,그는 부인과 이혼 소송 중이던 B씨에게 quot부동산이나 예금자산은 재산분할 대상이 되니 현금화하면 대신 보관해주겠다quot고 속여 돈을 뜯어낸 것으로 조사됐다. A씨는 quot천상의 시민권을 취득하게 해주겠다quot고 하는 등...,네이버뉴스,http://www.dynews.co.kr/news/articleView.html?idxno=807957,2025-06-23 20:28:00+09:00,2025-06-24 00:31:24.880136
"울산시, 시민 소통 부동산 아카데미","울산시는 23일 울산시청 대강당에서 시민과 소통하는 제3기 부동산 아카데미를 개최한 가운데 김두겸 울산시장, 이성룡 울산시의장, 울산시 공인중개사협회 관계자, 시민 등 참석자들이 기념촬영을 하고 있다. 울산시 제공",네이버뉴스,https://www.ulsanpress.net/news/articleView.html?idxno=553481,2025-06-23 20:24:00+09:00,2025-06-24 00:31:24.880136
삼중고에 폐업 느는 인천 종합건설업체,"2025.6.9 조재현기자 jhckyeongin.com 부동산 경기 침체가 장기화하면서 인천지역 종합건설업체들의 위기가 가속화하고 있다. 급등한 공사비에 부동산 미분양, 채무부담 등 악재가 겹치며 사업을 포기하는 업체가 늘고...",네이버뉴스,https://www.kyeongin.com/article/1743965,2025-06-23 20:22:00+09:00,2025-06-24 00:31:24.880136
생활법무카페 이혼조정에 임하는 자세,"혼인기간 동안 취득한 재산을 기준으로 부동산, 예금, 주식, 자동차 등 모든 적극재산과 혼인 중 발생한 부채를 기재한 분할대상재산명세표를 작성하고 증빙자료를 제출한다. 이를 토대로 기여도 등을 고려하여 분할비율을...",네이버뉴스,https://www.kyeongin.com/article/1743962,2025-06-23 20:20:00+09:00,2025-06-24 00:31:24.880136
롯데건설 회사채 전량 미매각 충격.. 신용등급 하락 여파,"건설업계 관계자들은 최근 부동산 경기 침체와 금리 상승으로 인한 건설사들의 자금조달 환경이 악화되고 있는 가운데, 롯데건설의 이번 미매각 사태가 업계 전반에 미칠 파급효과에 주목하고 있다.",네이버뉴스,https://www.getnews.co.kr/news/articleView.html?idxno=827681,2025-06-23 20:20:00+09:00,2025-06-24 00:31:24.880136
경북도 전체 토지 0.2 외국인 보유...울릉군 절반 면적,배용수 경북도 건설도시국장은 quot외국인 토지 보유 현황과 부동산거래 신고 내용을 주기적으로 관리해 외국인의 토지거래 동향 분석 등 부동산 투기 예방에 힘쓰겠다quot고 말했다.,네이버뉴스,https://www.newspim.com/news/view/20250623001032,2025-06-23 20:20:00+09:00,2025-06-24 00:31:24.880136
"충남 청양군 어려운 전월세계약, 상담받고 하세요","맡아, 부동산 전문가의 맞춤형 상담은 물론 필요 시 집 보기 동행 서비스도 제공한다. 주택 안심 계약 도움서비스는 부동산 임차계약과 관련해 상담사가 주택 전월세 계약 관련 서류를 확인해 주는 서비스다. 또 집 보기...",네이버뉴스,https://www.ccdn.co.kr/news/articleView.html?idxno=1027122,2025-06-23 20:12:00+09:00,2025-06-24 00:31:24.880136
올해 하반기 충청권 1만3천750세대 입주 전망,"23일 부동산 플랫폼 직방에 따르면 올해 하반기 전국 입주 예정 물량은 10만323세대다. 이는 지난해 하반기(16만3천977세대)보다 39, 올해 상반기(14만537가구)보다 는 29 감소한 물량이다. 2015년 이후 하반기...",네이버뉴스,https://www.ccdn.co.kr/news/articleView.html?idxno=1027253,2025-06-23 20:10:00+09:00,2025-06-24 00:31:24.880136
송도 집값 반토막인천 부동산 7개월째 하락세,서울을 중심으로 부동산 값이 들썩인다는 소식 많이 접하셨을텐데요. 하지만 인천은 여전히 하락세를 이어가고 있습니다. 인천의 강남으로 불리는 송도국제도시는 최근 집값이 반토막 수준까지 떨어진 곳도 나오고...,네이버뉴스,https://www.obsnews.co.kr/news/articleView.html?idxno=1487654,2025-06-23 20:08:00+09:00,2025-06-24 00:31:24.880136
"경기도, 하반기 아파트 입주 물량 3만379가구","23일 부동산 중개 플랫폼 직방에 따르면 올해 하반기 전국 입주 예정 물량은 상반기 대비 29 감소한 총 10만323가구로 집계됐으며, 이 중 경기도 물량은 약 30인 3만379가구로 조사됐다. 도내 입주 물량이 가장 많은...",네이버뉴스,http://www.kihoilbo.co.kr/news/articleView.html?idxno=1149059,2025-06-23 20:08:00+09:00,2025-06-24 00:31:24.880136
"증권사, 발행어음 재진입 시동후발주자 5곳, 인가 준비 속도","강승건 KB증권 연구원은 quot이번 제도 개선안에 따라 발행어음 조달액의 25는 모험자본 공급에 의무적으로 활용해야 하며, 부동산 자산 비중은 현행 30에서 10 수준으로 단계적으로 축소된다quot며 quot기업금융 관련 자산...",네이버뉴스,http://www.seoulfn.com/news/articleView.html?idxno=560876,2025-06-23 20:07:00+09:00,2025-06-24 00:31:24.880136
"윤종신, 부동산도 대박15억 투자해 40억 번 비결은",가수 윤종신이 서울 용산구 한남동 건물을 매각해 40억원의 시세 차익을 거둔 것으로 알려졌다. 23일 뉴스1 보도에 따르면 윤종신은 10년 전 15억여원에 매입한 서울 용산구 한남동 건물을 10년 만에 55억원에...,네이버뉴스,https://n.news.naver.com/mnews/article/031/0000942663?sid=101,2025-06-23 20:04:00+09:00,2025-06-24 00:31:24.880136
집값 끌어올린 재건축 기대감불쏘시개 역할,"lt김인만 부동산경제연구소장gt quot재건축 아파트가 미래의 신축 아파트가 되기 때문에 희소성, 서울에는... 영상취재기자 이승욱 부동산 아파트 서울아파트 서울아파트값 아파트값 고가아파트 부동산시장...",네이버뉴스,https://n.news.naver.com/mnews/article/422/0000752474?sid=101,2025-06-23 19:57:00+09:00,2025-06-24 00:31:24.880136
인터뷰 김민석 quot野 원내대표보다 野 의원 많이 만날 것quot 한판승부,"많고 저는 사실 외람된 말씀입니다마는 재산이나 아이나 부동산이나 이게 사실은 설명을 다 비교적 할 수... 박재홍gt 사실 위장전입, 부동산 투기. 김민석gt 한두 가지가 아니어서. 박재홍gt 많잖아요. 논문 문제도...",네이버뉴스,https://n.news.naver.com/mnews/article/079/0004037660?sid=100,2025-06-23 19:55:00+09:00,2025-06-24 00:31:24.880136
"기고 이재명 대통령 시대 혁신생태계 넥슨과 텐센트, 레버리지 자본...","한국은 2000년 이후 국민대차대조표에서 확인했듯이 아파트 개발과 투기적 수요, 아파트 담보대출 등으로 자산의 실제 90퍼센트(공시지가 기준 76)는 아파트 등 부동산 자산이다. 부동산은 영끌 등 평생 모은...",네이버뉴스,http://www.worktoday.co.kr/news/articleView.html?idxno=70001,2025-06-23 19:54:00+09:00,2025-06-24 00:31:24.880136
5 고금리에도롯데건설 회사채 전량 미매각 시그널,올해 회사채 시장이 활성화되는 가운데 건설업 침체와 부동산 PF 부실 우려 등으로 건설채는 이 같은 흥행을 빗겨가고 있는 분석이다. 롯데건설은 이달 30일 회사채를 발행하며 모든 물량은 한국투자증권...,네이버뉴스,https://n.news.naver.com/mnews/article/011/0004500470?sid=101,2025-06-23 19:47:00+09:00,2025-06-24 00:31:24.880136
"경북도, 외국인 보유 토지 면적 3630만 7천",배용수 경북도 건설도시국장은 외국인 토지 보유 현황과 부동산거래 신고 내용을 주기적으로 관리해 외국인의 토지거래 동향 분석 등 부동산 투기 예방에 힘쓰겠다고 밝혔다. 뉴데일리 강승탁,네이버뉴스,https://tk.newdaily.co.kr/site/data/html/2025/06/23/2025062300465.html,2025-06-23 19:46:00+09:00,2025-06-24 00:31:24.880136
배임 혐의 실형 선고받은 전유형 남동구의회 부의장 징계 갑론을박,"특히 해당 빌라 소유주인 그는 2023년 3월 소유권 이전을 하지 않은 채 빌라 내 모든 호실의 소유권을 부동산담보 신탁계약을 하면서 45억 원을 대출받았고, 신탁계약 수탁자에게 빌라 소유권을 이전한 것으로 알려졌다....",네이버뉴스,https://www.joongboo.com/news/articleView.html?idxno=363696145,2025-06-23 19:42:00+09:00,2025-06-24 00:31:24.880136
강기정 광주시장 미래 투자현안해결 지방채 발행 불가피,"강 시장은 이날 오전 시의회에서 열린 제333회 임시회 추가경정예산안 및 기금운용변경계획안제안 설명을 통해 국내 경기 성장이 둔화하면서 부동산 취득세 등 지방세 수입이 감소하고, 윤석열 정부 2년 동안...",네이버뉴스,http://www.jndn.com/article.php?aid=1750674969412155001,2025-06-23 19:40:00+09:00,2025-06-24 00:31:24.880136
"quot대전 아파트 7천 가구 쏟아진다quot 회복세 타는 공급시장, 미분양은 경...","부동산 플랫폼 직방에 따르면 올해 상반기 대전의 입주 물량은 9642세대였지만, 하반기 예정 물량은... 한 지역 부동산 관계자는 quot정부의 규제 완화 기조에 발맞춰 공급이 다시 살아나는 분위기지만, 대전은 인구...",네이버뉴스,https://www.newsfreezone.co.kr/news/articleView.html?idxno=632716,2025-06-23 19:34:00+09:00,2025-06-24 00:31:24.880136
방콕 부동산 지형 바꾼 지진일본 방재 기술 주목,지난 3월 미얀마 대지진 이후 부동산 개발 전략에 변화가 일고 있습니다. 리포트 방콕 시내에 잇따라... 집을 산다면 고층 아파트는 꺼려질 것 같아요.quot 이 부동산 회사는 지진 이후 저층 아파트 개발에 주력하고...,네이버뉴스,https://n.news.naver.com/mnews/article/056/0011975127?sid=104,2025-06-23 19:31:00+09:00,2025-06-24 00:31:24.880136
세금도 신도시도 아니다... 이재명 정부 첫 부동산 대책은?,"부동산 정책 관련 이재명 정부의 고민이 깊어지고 있다. 강남 3구를 넘어 한강 벨트는 물론 외곽까지 서울... 이형일 기재부 장관 직무대행은 20일 MBC라디오에 출연해 quot서울, 수도권 중심으로 부동산 시장이 굉장히 엄중하다...",네이버뉴스,https://n.news.naver.com/mnews/article/469/0000872028?sid=101,2025-06-23 19:31:00+09:00,2025-06-24 00:31:24.880136
"하반기 주택 입주량 경기도 선방, 인천은 급락",23일 부동산 플랫폼 직방에 따르면 2025년 하반기 수도권 입주예정물량은 5만2천828가구로 상반기(6만322가구) 대비 12 감소한 것으로 집계됐다. 이중 경기도가 3만379가구로 수도권 입주예정물량의 57.5를...,네이버뉴스,https://www.kyeongin.com/article/1743935,2025-06-23 19:30:00+09:00,2025-06-24 00:31:24.881644
"CR리츠, 대구 990가구 추가매입단지 전체 미분양","지방의 악성 미분양(준공 후 미분양) 주택을 사들이는 기업구조조정 부동산투자회사(CR리츠)가 대구, 양산... CR리츠는 여러 투자자로부터 자금을 모아 미분양 주택을 사들여 임대로 운영하다가 부동산 경기가...",네이버뉴스,https://n.news.naver.com/mnews/article/029/0002963364?sid=101,2025-06-23 19:22:00+09:00,2025-06-24 00:31:24.881644
"무너진 광주 상권, 민생지원금 한 줄기 빛 될까?",다른 부동산 업체에서 내붙인 전단지가 여러 장 덕지덕지 붙었다. 8년 째 전남대학교 경영대학교 인근에서... 인근 부동산 관계자는 quot전남대 인근 상가 공실률은 이미 광주 최고 수준을 기록한 지 오래다. 옛 상대 근처가...,네이버뉴스,http://www.namdonews.com/news/articleView.html?idxno=824228,2025-06-23 19:20:00+09:00,2025-06-24 00:31:24.881644
미분양 안심 환매 12년 만에 부활부산 건설사 숨통 틔나(종합),지방 부동산 경기를 일정 수준까지 살릴 것이라는 전망과 함께 실효성에 의문도 제기된다. 23일 업계에 따르면 국토교통부는 지난 19일 지방 건설사 유동성 위기를 극복하고자 준공 전 미분양 주택 1만 가구에 대한...,네이버뉴스,https://n.news.naver.com/mnews/article/658/0000111291?sid=101,2025-06-23 19:17:00+09:00,2025-06-24 00:31:24.881644
단독제 역할 못하는 은행 리스크 대비 기구,"홍콩 H지수 주가연계증권(ELS)에 이어 해외 부동산 펀드까지 투자자가 은행을 통해 가입한 고위험... 하지만 비예금상품위원회를 거쳤음에도 H지수, 해외부동산 펀드까지 대규모 손실과 불완전판매 사례가 이어지자...",네이버뉴스,https://n.news.naver.com/mnews/article/018/0006047155?sid=101,2025-06-23 19:17:00+09:00,2025-06-24 00:31:24.881644
단독은행 믿었는데 유럽 펀드 1400억 날릴판,주요 은행을 통해 위탁판매한 해외부동산 공모펀드 수익률 저하로 투자자들이 1000억원대 원금을 잃게 됐다. KB국민하나우리은행이 위탁판매한 유럽미주 부동산 투자 펀드들이 하반기 기한이익상실(EOD)청산...,네이버뉴스,https://n.news.naver.com/mnews/article/018/0006047156?sid=101,2025-06-23 19:17:00+09:00,2025-06-24 00:31:24.881644
"회계법인 마일스톤의 스타트업 CFO Case Study 주택임대와 숙박업, 부가...",최근 다양한 형태의 부동산 활용이 확산되면서 주거와 숙박의 경계가 점차 모호해지고 있습니다. 이로 인해... 방식(부동산 중개업소 광고 등)으로 임대가 이루어졌는지 보증금 및 월세 등 실질적인 임대차계약이...,네이버뉴스,https://platum.kr/archives/264096,2025-06-23 19:16:00+09:00,2025-06-24 00:31:24.881644
lt뉴스브릿지gt KPOP 산업에 뛰어든 중국 자본위기인가 기회인가?,"왜냐하면 과거 엔터 산업뿐만 아니라 부동산과 관광에서도 그런 사례가 있었기 때문이에요. 또 하나의 리스트는 정치 규제와 문화 검열, 자본 통제를 통해서 결국 KPOP을 수용되지 않을 것이라는 분석도 있습니다....",네이버뉴스,http://news.ebs.co.kr/ebsnews/allView/60613826/N,2025-06-23 19:16:00+09:00,2025-06-24 00:31:24.881644
"법률상담 아빠 집 뺏겠다는 동생의 빚쟁이, 방법이 없을까?","해당하고, 부동산등기와 같은 별도의 절차를 거치지 않더라도 아버지 사망과 동시에 민법 제1005조에 따라 상속인이 상속재산에 대한 권리의무를 승계한다. 그런데 이 차이가 법적으로 결정적 문제를 야기한다. 상속재산...",네이버뉴스,https://www.jjan.kr/article/20250622580215,2025-06-23 19:16:00+09:00,2025-06-24 00:31:24.881644
경제칼럼 주택시장 정책 실패 언제까지 반복될 것인가?,노동식 한국공인중개사협회 중앙자문위원 부동산 정책이 연일 도마 위에 오르고 있는 가운데 대선을 앞두고... 한국부동산원 주간 아파트 가격 동향 자료에 따르면 4월 넷째 주(4월 28일) 기준 세종시 아파트 매매가격...,네이버뉴스,https://www.jjan.kr/article/20250622580259,2025-06-23 19:16:00+09:00,2025-06-24 00:31:24.881644
넷플릭스 스타 죽인 뺑소니범 잡혔다.. 30대女 무죄 주장 할리웃통신...,넷플릭스 리얼리티 예능 밀리언 달러 비치 하우스(Million Dollar Beach House)에 출연했던 부동산 중개인 사라... 한편 사라 뷰락은 미국의 유명 부동산 중개인으로 지난 2020년 공개된 넷플릭스 리얼리티 예능 밀리언 달러...,네이버뉴스,https://m.entertain.naver.com/article/213/0001343308,2025-06-23 19:16:00+09:00,2025-06-24 00:31:24.881644
부동산 양극화 심화정부 대책에는 냉담,"송원배대구경북 부동산학회 이사 quot지방 부동산 경제를 살리기 위해서는 다주택자 중과세 완화와 또 양도소득세 감면, 대출 규제 완화가 반드시 필요한 절실한 대책입니다.quot 하지만 정부는 부동산 세제 개편에 신중한...",네이버뉴스,https://n.news.naver.com/mnews/article/056/0011975088?sid=101,2025-06-23 19:14:00+09:00,2025-06-24 00:31:24.881644
인사 남양주시,4급 승진 인사과 윤선기 오남읍 곽용환 도시정책과 이정주 5급 승진 인사과 김병기 교통정책과 김지애 도시정책과 김학진 정보통신과 백희진 시민시장담당관 안상영 부동산관리과 이재화...,네이버뉴스,https://www.gukjenews.com/news/articleView.html?idxno=3306326,2025-06-23 19:10:00+09:00,2025-06-24 00:31:24.881644
"CR리츠, 14개월째 빈집 대구 미분양 990가구 통째로 매입","지방 미분양 주택을 매입하는 기업구조조정 부동산투자회사(CR 리츠)가 대구양산경주에서 미분양... 올해 말까지 CR리츠가 지방 미분양 아파트를 사들이면 취득세를 중과하지 않고, 5년 동안 종합부동산세도...",네이버뉴스,https://n.news.naver.com/mnews/article/277/0005611939?sid=101,2025-06-23 19:10:00+09:00,2025-06-24 00:31:24.881644
